SNO,dimension,bandgap1 ,bandgap2 ,dielectric_constant_1,dielectric_constant_2,mol_wt_1,mol_wt_2,size,temperature,work_function_1,work_function_2,volt,wavelength,responsivity
1,1,3.98,0,22.5,0,441.89,0,160,30,4.25,5.1,-3,248,5.318146426
1,1,3.98,0,22.5,0,441.89,0,160,30,4.25,5.1,-3,252,5.293586976
1,1,3.98,0,22.5,0,441.89,0,160,30,4.25,5.1,-3,256,5.382832937
1,1,3.98,0,22.5,0,441.89,0,160,30,4.25,5.1,-3,260,5.451981747
1,1,3.98,0,22.5,0,441.89,0,160,30,4.25,5.1,-3,264,5.5702715
1,1,3.98,0,22.5,0,441.89,0,160,30,4.25,5.1,-3,268,5.659593794
1,1,3.98,0,22.5,0,441.89,0,160,30,4.25,5.1,-3,272,5.669324116
1,1,3.98,0,22.5,0,441.89,0,160,30,4.25,5.1,-3,276,5.716387284
1,1,3.98,0,22.5,0,441.89,0,160,30,4.25,5.1,-3,280,5.739299379
1,1,3.98,0,22.5,0,441.89,0,160,30,4.25,5.1,-3,284,5.802600479
1,1,3.98,0,22.5,0,441.89,0,160,30,4.25,5.1,-3,288,5.718918881
1,1,3.98,0,22.5,0,441.89,0,160,30,4.25,5.1,-3,292,5.628497418
1,1,3.98,0,22.5,0,441.89,0,160,30,4.25,5.1,-3,296,5.564075392
1,1,3.98,0,22.5,0,441.89,0,160,30,4.25,5.1,-3,300,5.531946999
1,1,3.98,0,22.5,0,441.89,0,160,30,4.25,5.1,-3,304,5.22021072
1,1,3.98,0,22.5,0,441.89,0,160,30,4.25,5.1,-3,308,5.112308577
1,1,3.98,0,22.5,0,441.89,0,160,30,4.25,5.1,-3,312,4.865635606
1,1,3.98,0,22.5,0,441.89,0,160,30,4.25,5.1,-3,316,4.635760998
1,1,3.98,0,22.5,0,441.89,0,160,30,4.25,5.1,-3,320,4.283345579
1,1,3.98,0,22.5,0,441.89,0,160,30,4.25,5.1,-3,324,3.626578553
1,1,3.98,0,22.5,0,441.89,0,160,30,4.25,5.1,-3,328,3.128782176
1,1,3.98,0,22.5,0,441.89,0,160,30,4.25,5.1,-3,332,2.815639964
1,1,3.98,0,22.5,0,441.89,0,160,30,4.25,5.1,-3,336,2.505472088
1,1,3.98,0,22.5,0,441.89,0,160,30,4.25,5.1,-3,340,1.787155957
1,1,3.98,0,22.5,0,441.89,0,160,30,4.25,5.1,-3,344,1.311023349
1,1,3.98,0,22.5,0,441.89,0,160,30,4.25,5.1,-3,348,1.105015912
1,1,3.98,0,22.5,0,441.89,0,160,30,4.25,5.1,-3,352,0.856380592
1,1,3.98,0,22.5,0,441.89,0,160,30,4.25,5.1,-3,356,0.620391721
1,1,3.98,0,22.5,0,441.89,0,160,30,4.25,5.1,-3,360,0.513992848
1,1,3.98,0,22.5,0,441.89,0,160,30,4.25,5.1,-3,364,0.340196954
1,1,3.98,0,22.5,0,441.89,0,160,30,4.25,5.1,-3,368,0.350180246
1,1,3.98,0,22.5,0,441.89,0,160,30,4.25,5.1,-3,372,0.321865322
1,1,3.98,0,22.5,0,441.89,0,160,30,4.25,5.1,-3,376,0.29949788
1,1,3.98,0,22.5,0,441.89,0,160,30,4.25,5.1,-3,380,0.260753671
1,1,3.98,0,22.5,0,441.89,0,160,30,4.25,5.1,-3,384,0.246480654
1,1,3.98,0,22.5,0,441.89,0,160,30,4.25,5.1,-3,388,0.229875325
1,1,3.98,0,22.5,0,441.89,0,160,30,4.25,5.1,-3,392,0.246256957
1,1,3.98,0,22.5,0,441.89,0,160,30,4.25,5.1,-3,396,0.211088785
1,1,3.98,0,22.5,0,441.89,0,160,30,4.25,5.1,-3,400,0.241149948
1,1,3.98,0,22.5,0,441.89,0,160,30,4.25,5.1,-3,404,0.229174184
1,1,3.98,0,22.5,0,441.89,0,160,30,4.25,5.1,-3,408,0.199432392
1,1,3.98,0,22.5,0,441.89,0,160,30,4.25,5.1,-3,412,0.246479307
1,1,3.98,0,22.5,0,441.89,0,160,30,4.25,5.1,-3,416,0.178690079
1,1,3.98,0,22.5,0,441.89,0,160,30,4.25,5.1,-3,420,0.203746408
1,1,3.98,0,22.5,0,441.89,0,160,30,4.25,5.1,-3,424,0.190118708
1,1,3.98,0,22.5,0,441.89,0,160,30,4.25,5.1,-3,428,0.155124109
1,1,3.98,0,22.5,0,441.89,0,160,30,4.25,5.1,-3,432,0.200983287
1,1,3.98,0,22.5,0,441.89,0,160,30,4.25,5.1,-3,436,0.152803771
1,1,3.98,0,22.5,0,441.89,0,160,30,4.25,5.1,-3,440,0.181121011
1,1,3.98,0,22.5,0,441.89,0,160,30,4.25,5.1,-3,444,0.145644938
1,1,3.98,0,22.5,0,441.89,0,160,30,4.25,5.1,-3,448,0.129724494
1,1,3.98,0,22.5,0,441.89,0,160,30,4.25,5.1,-3,452,0.145398773
1,1,3.98,0,22.5,0,441.89,0,160,30,4.25,5.1,-3,456,0.128059281
1,1,3.98,0,22.5,0,441.89,0,160,30,4.25,5.1,-3,460,0.146215525
1,1,3.98,0,22.5,0,441.89,0,160,30,4.25,5.1,-3,464,0.137433553
1,1,3.98,0,22.5,0,441.89,0,160,30,4.25,5.1,-3,468,0.12714282
1,1,3.98,0,22.5,0,441.89,0,160,30,4.25,5.1,-3,472,0.144554334
1,1,3.98,0,22.5,0,441.89,0,160,30,4.25,5.1,-3,476,0.129030171
1,1,3.98,0,22.5,0,441.89,0,160,30,4.25,5.1,-3,480,0.149685671
1,1,3.98,0,22.5,0,441.89,0,160,30,4.25,5.1,-3,484,0.135775264
1,1,3.98,0,22.5,0,441.89,0,160,30,4.25,5.1,-3,488,0.13091166
1,1,3.98,0,22.5,0,441.89,0,160,30,4.25,5.1,-3,492,0.146356878
1,1,3.98,0,22.5,0,441.89,0,160,30,4.25,5.1,-3,496,0.128918848
1,1,3.98,0,22.5,0,441.89,0,160,30,4.25,5.1,-3,500,0.149985765
1,1,3.98,0,22.5,0,441.89,0,160,30,4.25,5.1,-3,504,0.134274595
1,1,3.98,0,22.5,0,441.89,0,160,30,4.25,5.1,-3,508,0.130604548
1,1,3.98,0,22.5,0,441.89,0,160,30,4.25,5.1,-3,512,0.154674191
1,1,3.98,0,22.5,0,441.89,0,160,30,4.25,5.1,-3,516,0.128509893
1,1,3.98,0,22.5,0,441.89,0,160,30,4.25,5.1,-3,520,0.156206291
1,1,3.98,0,22.5,0,441.89,0,160,30,4.25,5.1,-3,524,0.139549128
1,1,3.98,0,22.5,0,441.89,0,160,30,4.25,5.1,-3,528,0.121676638
1,1,3.98,0,22.5,0,441.89,0,160,30,4.25,5.1,-3,532,0.134314238
1,1,3.98,0,22.5,0,441.89,0,160,30,4.25,5.1,-3,536,0.120116599
1,1,3.98,0,22.5,0,441.89,0,160,30,4.25,5.1,-3,540,0.143349339
1,1,3.98,0,22.5,0,441.89,0,160,30,4.25,5.1,-3,544,0.128743908
1,1,3.98,0,22.5,0,441.89,0,160,30,4.25,5.1,-3,548,0.117469651
1,1,3.98,0,22.5,0,441.89,0,160,30,4.25,5.1,-3,552,0.165265893
1,1,3.98,0,22.5,0,441.89,0,160,30,4.25,5.1,-3,556,0.119163291
1,1,3.98,0,22.5,0,441.89,0,160,30,4.25,5.1,-3,560,0.1357831
1,1,3.98,0,22.5,0,441.89,0,160,30,4.25,5.1,-3,564,0.127251017
1,1,3.98,0,22.5,0,441.89,0,160,30,4.25,5.1,-3,568,0.120687338
1,1,3.98,0,22.5,0,441.89,0,160,30,4.25,5.1,-3,572,0.165001244
1,1,3.98,0,22.5,0,441.89,0,160,30,4.25,5.1,-3,576,0.120637929
1,1,3.98,0,22.5,0,441.89,0,160,30,4.25,5.1,-3,580,0.148088111
1,1,3.98,0,22.5,0,441.89,0,160,30,4.25,5.1,-3,584,0.158118318
1,1,3.98,0,22.5,0,441.89,0,160,30,4.25,5.1,-3,588,0.134740717
1,1,3.98,0,22.5,0,441.89,0,160,30,4.25,5.1,-3,592,0.19541439
1,1,3.98,0,22.5,0,441.89,0,160,30,4.25,5.1,-3,596,0.145195541
1,1,3.98,0,22.5,0,441.89,0,160,30,4.25,5.1,-3,600,0.160550945
2,2,3.36,3.2,24.5,90,172.12,79.87,13.85,30,4.25,4.7,0,200,0.004169731
2,2,3.36,3.2,24.5,90,172.12,79.87,13.85,30,4.25,4.7,0,210,0.004185406
2,2,3.36,3.2,24.5,90,172.12,79.87,13.85,30,4.25,4.7,0,220,0.004383934
2,2,3.36,3.2,24.5,90,172.12,79.87,13.85,30,4.25,4.7,0,230,0.00440736
2,2,3.36,3.2,24.5,90,172.12,79.87,13.85,30,4.25,4.7,0,240,0.004262677
2,2,3.36,3.2,24.5,90,172.12,79.87,13.85,30,4.25,4.7,0,250,0.004429447
2,2,3.36,3.2,24.5,90,172.12,79.87,13.85,30,4.25,4.7,0,260,0.004452049
2,2,3.36,3.2,24.5,90,172.12,79.87,13.85,30,4.25,4.7,0,270,0.004076965
2,2,3.36,3.2,24.5,90,172.12,79.87,13.85,30,4.25,4.7,0,280,0.003777951
2,2,3.36,3.2,24.5,90,172.12,79.87,13.85,30,4.25,4.7,0,290,0.00371314
2,2,3.36,3.2,24.5,90,172.12,79.87,13.85,30,4.25,4.7,0,300,0.002637054
2,2,3.36,3.2,24.5,90,172.12,79.87,13.85,30,4.25,4.7,0,310,0.002031496
2,2,3.36,3.2,24.5,90,172.12,79.87,13.85,30,4.25,4.7,0,320,0.00124759
2,2,3.36,3.2,24.5,90,172.12,79.87,13.85,30,4.25,4.7,0,330,0.000548268
2,2,3.36,3.2,24.5,90,172.12,79.87,13.85,30,4.25,4.7,0,340,0.000111387
2,2,3.36,3.2,24.5,90,172.12,79.87,13.85,30,4.25,4.7,0,349.9838898,3.95E-05
2,2,3.36,3.2,24.5,90,172.12,79.87,13.85,30,4.25,4.7,0,360,0.000290242
2,2,3.36,3.2,24.5,90,172.12,79.87,13.85,30,4.25,4.7,0,370,0.000103949
2,2,3.36,3.2,24.5,90,172.12,79.87,13.85,30,4.25,4.7,0,380,6.54E-05
2,2,3.36,3.2,24.5,90,172.12,79.87,13.85,30,4.25,4.7,0,390,4.24E-05
2,2,3.36,3.2,24.5,90,172.12,79.87,13.85,30,4.25,4.7,0,400,2.52E-05
2,2,3.36,3.2,24.5,90,172.12,79.87,13.85,30,4.25,4.7,0,410,0.000146601
2,2,3.36,3.2,24.5,90,172.12,79.87,13.85,30,4.25,4.7,0,420,0.000256102
2,2,3.36,3.2,24.5,90,172.12,79.87,13.85,30,4.25,4.7,0,430,0.000223978
2,2,3.36,3.2,24.5,90,172.12,79.87,13.85,30,4.25,4.7,0,440,0.000185253
2,2,3.36,3.2,24.5,90,172.12,79.87,13.85,30,4.25,4.7,0,450,0.000113273
2,2,3.36,3.2,24.5,90,172.12,79.87,13.85,30,4.25,4.7,0,460,4.12E-05
2,2,3.36,3.2,24.5,90,172.12,79.87,13.85,30,4.25,4.7,0,470,3.90E-05
2,2,3.36,3.2,24.5,90,172.12,79.87,13.85,30,4.25,4.7,0,480,3.05E-05
2,2,3.36,3.2,24.5,90,172.12,79.87,13.85,30,4.25,4.7,0,490,4.57E-05
2,2,3.36,3.2,24.5,90,172.12,79.87,13.85,30,4.25,4.7,0,500,4.75E-05
2,2,3.36,3.2,24.5,90,172.12,79.87,13.85,30,4.25,4.7,0,510,8.52E-05
2,2,3.36,3.2,24.5,90,172.12,79.87,13.85,30,4.25,4.7,0,520,0.000113763
2,2,3.36,3.2,24.5,90,172.12,79.87,13.85,30,4.25,4.7,0,530,0.000150043
2,2,3.36,3.2,24.5,90,172.12,79.87,13.85,30,4.25,4.7,0,540,0.00017733
2,2,3.36,3.2,24.5,90,172.12,79.87,13.85,30,4.25,4.7,0,550,0.000123368
2,2,3.36,3.2,24.5,90,172.12,79.87,13.85,30,4.25,4.7,0,560,8.53E-05
2,2,3.36,3.2,24.5,90,172.12,79.87,13.85,30,4.25,4.7,0,570,4.14E-05
2,2,3.36,3.2,24.5,90,172.12,79.87,13.85,30,4.25,4.7,0,580,1.07E-05
2,2,3.36,3.2,24.5,90,172.12,79.87,13.85,30,4.25,4.7,0,590,2.67E-05
2,2,3.36,3.2,24.5,90,172.12,79.87,13.85,30,4.25,4.7,0,600,5.66E-05
2,2,3.36,3.2,24.5,90,172.12,79.87,13.85,30,4.25,4.7,0,610,7.80E-05
2,2,3.36,3.2,24.5,90,172.12,79.87,13.85,30,4.25,4.7,0,620,0.000104182
2,2,3.36,3.2,24.5,90,172.12,79.87,13.85,30,4.25,4.7,0,630,0.000111595
2,2,3.36,3.2,24.5,90,172.12,79.87,13.85,30,4.25,4.7,0,640,0.000118162
2,2,3.36,3.2,24.5,90,172.12,79.87,13.85,30,4.25,4.7,0,650,0.000124779
2,2,3.36,3.2,24.5,90,172.12,79.87,13.85,30,4.25,4.7,0,660,0.000121717
2,2,3.36,3.2,24.5,90,172.12,79.87,13.85,30,4.25,4.7,0,670,0.000158283
2,2,3.36,3.2,24.5,90,172.12,79.87,13.85,30,4.25,4.7,0,680,0.000171305
2,2,3.36,3.2,24.5,90,172.12,79.87,13.85,30,4.25,4.7,0,690,0.000194779
2,2,3.36,3.2,24.5,90,172.12,79.87,13.85,30,4.25,4.7,0,700.026179,0.00022171
3,2,2.35,0,6.5,0,143.1,0,12.98,30,4.85,4.7,0,406,0.000808005
3,2,2.35,0,6.5,0,143.1,0,12.98,30,4.85,4.7,0,412,0.001545581
3,2,2.35,0,6.5,0,143.1,0,12.98,30,4.85,4.7,0,418,0.002067392
3,2,2.35,0,6.5,0,143.1,0,12.98,30,4.85,4.7,0,424,0.002463461
3,2,2.35,0,6.5,0,143.1,0,12.98,30,4.85,4.7,0,430,0.002310584
3,2,2.35,0,6.5,0,143.1,0,12.98,30,4.85,4.7,0,436,0.002238419
3,2,2.35,0,6.5,0,143.1,0,12.98,30,4.85,4.7,0,442,0.002058562
3,2,2.35,0,6.5,0,143.1,0,12.98,30,4.85,4.7,0,448,0.001898311
3,2,2.35,0,6.5,0,143.1,0,12.98,30,4.85,4.7,0,454,0.001760284
3,2,2.35,0,6.5,0,143.1,0,12.98,30,4.85,4.7,0,460,0.002188693
3,2,2.35,0,6.5,0,143.1,0,12.98,30,4.85,4.7,0,466,0.002234483
3,2,2.35,0,6.5,0,143.1,0,12.98,30,4.85,4.7,0,472,0.002234077
3,2,2.35,0,6.5,0,143.1,0,12.98,30,4.85,4.7,0,478,0.00208846
3,2,2.35,0,6.5,0,143.1,0,12.98,30,4.85,4.7,0,484,0.00192718
3,2,2.35,0,6.5,0,143.1,0,12.98,30,4.85,4.7,0,490,0.001453306
3,2,2.35,0,6.5,0,143.1,0,12.98,30,4.85,4.7,0,496,0.001632657
3,2,2.35,0,6.5,0,143.1,0,12.98,30,4.85,4.7,0,502,0.001814762
3,2,2.35,0,6.5,0,143.1,0,12.98,30,4.85,4.7,0,508,0.001737993
3,2,2.35,0,6.5,0,143.1,0,12.98,30,4.85,4.7,0,514,0.001711182
3,2,2.35,0,6.5,0,143.1,0,12.98,30,4.85,4.7,0,520,0.001903259
3,2,2.35,0,6.5,0,143.1,0,12.98,30,4.85,4.7,0,526,0.002027336
3,2,2.35,0,6.5,0,143.1,0,12.98,30,4.85,4.7,0,532,0.002152212
3,2,2.35,0,6.5,0,143.1,0,12.98,30,4.85,4.7,0,538,0.002332526
3,2,2.35,0,6.5,0,143.1,0,12.98,30,4.85,4.7,0,544,0.002529683
3,2,2.35,0,6.5,0,143.1,0,12.98,30,4.85,4.7,0,550,0.002319757
3,2,2.35,0,6.5,0,143.1,0,12.98,30,4.85,4.7,0,556,0.002095652
3,2,2.35,0,6.5,0,143.1,0,12.98,30,4.85,4.7,0,562,0.002040654
3,2,2.35,0,6.5,0,143.1,0,12.98,30,4.85,4.7,0,568,0.00197086
3,2,2.35,0,6.5,0,143.1,0,12.98,30,4.85,4.7,0,574,0.00195063
3,2,2.35,0,6.5,0,143.1,0,12.98,30,4.85,4.7,0,580,0.001713573
3,2,2.35,0,6.5,0,143.1,0,12.98,30,4.85,4.7,0,586,0.001667999
3,2,2.35,0,6.5,0,143.1,0,12.98,30,4.85,4.7,0,592,0.001515226
3,2,2.35,0,6.5,0,143.1,0,12.98,30,4.85,4.7,0,598,0.00144581
3,2,2.35,0,6.5,0,143.1,0,12.98,30,4.85,4.7,0,604,0.001358354
3,2,2.35,0,6.5,0,143.1,0,12.98,30,4.85,4.7,0,610,0.001272036
3,2,2.35,0,6.5,0,143.1,0,12.98,30,4.85,4.7,0,616,0.001315362
3,2,2.35,0,6.5,0,143.1,0,12.98,30,4.85,4.7,0,622,0.001276866
3,2,2.35,0,6.5,0,143.1,0,12.98,30,4.85,4.7,0,628,0.001204046
3,2,2.35,0,6.5,0,143.1,0,12.98,30,4.85,4.7,0,634,0.001097828
3,2,2.35,0,6.5,0,143.1,0,12.98,30,4.85,4.7,0,640,0.000824811
3,2,2.35,0,6.5,0,143.1,0,12.98,30,4.85,4.7,0,646,0.000882878
3,2,2.35,0,6.5,0,143.1,0,12.98,30,4.85,4.7,0,652,0.000832759
3,2,2.35,0,6.5,0,143.1,0,12.98,30,4.85,4.7,0,658,0.00092155
3,2,2.35,0,6.5,0,143.1,0,12.98,30,4.85,4.7,0,664,0.001050079
3,2,2.35,0,6.5,0,143.1,0,12.98,30,4.85,4.7,0,670,0.000993898
3,2,2.35,0,6.5,0,143.1,0,12.98,30,4.85,4.7,0,676,0.001044678
3,2,2.35,0,6.5,0,143.1,0,12.98,30,4.85,4.7,0,682,0.001023406
3,2,2.35,0,6.5,0,143.1,0,12.98,30,4.85,4.7,0,690.5374449,0.00041262
3,2,2.35,0,6.5,0,143.1,0,12.98,30,4.85,4.7,0,694,0.001213877
3,2,2.35,0,6.5,0,143.1,0,12.98,30,4.85,4.7,0,700,0.00283347
3,2,2.35,0,6.5,0,143.1,0,12.98,30,4.85,4.7,0,706,0.004334978
3,2,2.35,0,6.5,0,143.1,0,12.98,30,4.85,4.7,0,712,0.005023567
3,2,2.35,0,6.5,0,143.1,0,12.98,30,4.85,4.7,0,718,0.005944999
3,2,2.35,0,6.5,0,143.1,0,12.98,30,4.85,4.7,0,724,0.006436191
3,2,2.35,0,6.5,0,143.1,0,12.98,30,4.85,4.7,0,730,0.005752846
3,2,2.35,0,6.5,0,143.1,0,12.98,30,4.85,4.7,0,736,0.005119979
3,2,2.35,0,6.5,0,143.1,0,12.98,30,4.85,4.7,0,742,0.0042768
3,2,2.35,0,6.5,0,143.1,0,12.98,30,4.85,4.7,0,748,0.003193998
3,2,2.35,0,6.5,0,143.1,0,12.98,30,4.85,4.7,0,754,0.00222755
3,2,2.35,0,6.5,0,143.1,0,12.98,30,4.85,4.7,0,760,0.002290136
3,2,2.35,0,6.5,0,143.1,0,12.98,30,4.85,4.7,0,766,0.002772278
3,2,2.35,0,6.5,0,143.1,0,12.98,30,4.85,4.7,0,772,0.003246408
3,2,2.35,0,6.5,0,143.1,0,12.98,30,4.85,4.7,0,778,0.002763685
3,2,2.35,0,6.5,0,143.1,0,12.98,30,4.85,4.7,0,784,0.002051071
3,2,2.35,0,6.5,0,143.1,0,12.98,30,4.85,4.7,0,790,0.001377068
3,2,2.35,0,6.5,0,143.1,0,12.98,30,4.85,4.7,0,796,0.000863905
3,2,2.35,0,6.5,0,143.1,0,12.98,30,4.85,4.7,0,802,0.000510589
3,2,2.35,0,6.5,0,143.1,0,12.98,30,4.85,4.7,0,808,0.000559426
3,2,2.35,0,6.5,0,143.1,0,12.98,30,4.85,4.7,0,814,0.000625687
3,2,2.35,0,6.5,0,143.1,0,12.98,30,4.85,4.7,0,820,0.000729621
3,2,2.35,0,6.5,0,143.1,0,12.98,30,4.85,4.7,0,826,0.000695403
3,2,2.35,0,6.5,0,143.1,0,12.98,30,4.85,4.7,0,832,0.000582341
3,2,2.35,0,6.5,0,143.1,0,12.98,30,4.85,4.7,0,838,0.000452242
3,2,2.35,0,6.5,0,143.1,0,12.98,30,4.85,4.7,0,844,0.000308161
3,2,2.35,0,6.5,0,143.1,0,12.98,30,4.85,4.7,0,850,6.67E-05
3,2,2.35,0,6.5,0,143.1,0,12.98,30,4.85,4.7,0,856,6.56E-05
3,2,2.35,0,6.5,0,143.1,0,12.98,30,4.85,4.7,0,862,-1.19E-05
3,2,2.35,0,6.5,0,143.1,0,12.98,30,4.85,4.7,0,868,-1.82E-05
3,2,2.35,0,6.5,0,143.1,0,12.98,30,4.85,4.7,0,874,0.000157692
3,2,2.35,0,6.5,0,143.1,0,12.98,30,4.85,4.7,0,880,0.000257416
3,2,2.35,0,6.5,0,143.1,0,12.98,30,4.85,4.7,0,886,0.000296163
3,2,2.35,0,6.5,0,143.1,0,12.98,30,4.85,4.7,0,892,0.000338104
3,2,2.35,0,6.5,0,143.1,0,12.98,30,4.85,4.7,0,898,0.000323053
3,2,2.35,0,6.5,0,143.1,0,12.98,30,4.85,4.7,0,904,0.000363413
3,2,2.35,0,6.5,0,143.1,0,12.98,30,4.85,4.7,0,910,0.000372338
3,2,2.35,0,6.5,0,143.1,0,12.98,30,4.85,4.7,0,916,0.000256841
3,2,2.35,0,6.5,0,143.1,0,12.98,30,4.85,4.7,0,922,0.000233929
3,2,2.35,0,6.5,0,143.1,0,12.98,30,4.85,4.7,0,928,0.000296747
3,2,2.35,0,6.5,0,143.1,0,12.98,30,4.85,4.7,0,934,0.000172553
3,2,2.35,0,6.5,0,143.1,0,12.98,30,4.85,4.7,0,940,0.000118907
3,2,2.35,0,6.5,0,143.1,0,12.98,30,4.85,4.7,0,946,0.000151879
3,2,2.35,0,6.5,0,143.1,0,12.98,30,4.85,4.7,0,952,0.000200047
3,2,2.35,0,6.5,0,143.1,0,12.98,30,4.85,4.7,0,958,0.000172675
3,2,2.35,0,6.5,0,143.1,0,12.98,30,4.85,4.7,0,964,0.000235025
3,2,2.35,0,6.5,0,143.1,0,12.98,30,4.85,4.7,0,970,0.000231759
3,2,2.35,0,6.5,0,143.1,0,12.98,30,4.85,4.7,0,976,0.000225652
3,2,2.35,0,6.5,0,143.1,0,12.98,30,4.85,4.7,0,982,0.000202625
3,2,2.35,0,6.5,0,143.1,0,12.98,30,4.85,4.7,0,988,0.000215231
3,2,2.35,0,6.5,0,143.1,0,12.98,30,4.85,4.7,0,994,0.000164816
3,2,2.35,0,6.5,0,143.1,0,12.98,30,4.85,4.7,0,1000,0.000109942
4,1.5,3.58,3.4,9,9,74.69,74.69,13.83,30,4.85,4.7,-2,250,1.272770075
4,1.5,3.58,3.4,9,9,74.69,74.69,13.83,30,4.85,4.7,-2,254,1.26885405
4,1.5,3.58,3.4,9,9,74.69,74.69,13.83,30,4.85,4.7,-2,258,1.330620846
4,1.5,3.58,3.4,9,9,74.69,74.69,13.83,30,4.85,4.7,-2,262,1.336786744
4,1.5,3.58,3.4,9,9,74.69,74.69,13.83,30,4.85,4.7,-2,266,1.378234019
4,1.5,3.58,3.4,9,9,74.69,74.69,13.83,30,4.85,4.7,-2,270,1.414327208
4,1.5,3.58,3.4,9,9,74.69,74.69,13.83,30,4.85,4.7,-2,274,1.399564196
4,1.5,3.58,3.4,9,9,74.69,74.69,13.83,30,4.85,4.7,-2,278,1.35840736
4,1.5,3.58,3.4,9,9,74.69,74.69,13.83,30,4.85,4.7,-2,282,1.361104886
4,1.5,3.58,3.4,9,9,74.69,74.69,13.83,30,4.85,4.7,-2,286,1.376377833
4,1.5,3.58,3.4,9,9,74.69,74.69,13.83,30,4.85,4.7,-2,290,1.401306218
4,1.5,3.58,3.4,9,9,74.69,74.69,13.83,30,4.85,4.7,-2,294,1.486846517
4,1.5,3.58,3.4,9,9,74.69,74.69,13.83,30,4.85,4.7,-2,298,1.625197591
4,1.5,3.58,3.4,9,9,74.69,74.69,13.83,30,4.85,4.7,-2,302,1.677787111
4,1.5,3.58,3.4,9,9,74.69,74.69,13.83,30,4.85,4.7,-2,306,1.755070338
4,1.5,3.58,3.4,9,9,74.69,74.69,13.83,30,4.85,4.7,-2,310,1.809512136
4,1.5,3.58,3.4,9,9,74.69,74.69,13.83,30,4.85,4.7,-2,314,1.539624282
4,1.5,3.58,3.4,9,9,74.69,74.69,13.83,30,4.85,4.7,-2,318,1.178877096
4,1.5,3.58,3.4,9,9,74.69,74.69,13.83,30,4.85,4.7,-2,322,0.9389938
4,1.5,3.58,3.4,9,9,74.69,74.69,13.83,30,4.85,4.7,-2,326,0.780032884
4,1.5,3.58,3.4,9,9,74.69,74.69,13.83,30,4.85,4.7,-2,330,0.631547193
4,1.5,3.58,3.4,9,9,74.69,74.69,13.83,30,4.85,4.7,-2,334,0.505957337
4,1.5,3.58,3.4,9,9,74.69,74.69,13.83,30,4.85,4.7,-2,338,0.360115376
4,1.5,3.58,3.4,9,9,74.69,74.69,13.83,30,4.85,4.7,-2,342,0.290157446
4,1.5,3.58,3.4,9,9,74.69,74.69,13.83,30,4.85,4.7,-2,346,0.216999241
4,1.5,3.58,3.4,9,9,74.69,74.69,13.83,30,4.85,4.7,-2,350,0.147265866
4,1.5,3.58,3.4,9,9,74.69,74.69,13.83,30,4.85,4.7,-2,354,0.139116945
4,1.5,3.58,3.4,9,9,74.69,74.69,13.83,30,4.85,4.7,-2,358,0.095540966
4,1.5,3.58,3.4,9,9,74.69,74.69,13.83,30,4.85,4.7,-2,362,0.098249461
4,1.5,3.58,3.4,9,9,74.69,74.69,13.83,30,4.85,4.7,-2,366,0.087466836
4,1.5,3.58,3.4,9,9,74.69,74.69,13.83,30,4.85,4.7,-2,370,0.058351354
4,1.5,3.58,3.4,9,9,74.69,74.69,13.83,30,4.85,4.7,-2,374,0.032083885
4,1.5,3.58,3.4,9,9,74.69,74.69,13.83,30,4.85,4.7,-2,378,0.030776308
4,1.5,3.58,3.4,9,9,74.69,74.69,13.83,30,4.85,4.7,-2,382,0.034446186
4,1.5,3.58,3.4,9,9,74.69,74.69,13.83,30,4.85,4.7,-2,386,0.005019379
4,1.5,3.58,3.4,9,9,74.69,74.69,13.83,30,4.85,4.7,-2,390,0.029690101
4,1.5,3.58,3.4,9,9,74.69,74.69,13.83,30,4.85,4.7,-2,394,0.020188176
4,1.5,3.58,3.4,9,9,74.69,74.69,13.83,30,4.85,4.7,-2,398,0.016625596
4,1.5,3.58,3.4,9,9,74.69,74.69,13.83,30,4.85,4.7,-2,402,0.024837806
4,1.5,3.58,3.4,9,9,74.69,74.69,13.83,30,4.85,4.7,-2,406,0.004719092
4,1.5,3.58,3.4,9,9,74.69,74.69,13.83,30,4.85,4.7,-2,410,0.022301376
4,1.5,3.58,3.4,9,9,74.69,74.69,13.83,30,4.85,4.7,-2,414,0.01524353
4,1.5,3.58,3.4,9,9,74.69,74.69,13.83,30,4.85,4.7,-2,418,0.011848786
4,1.5,3.58,3.4,9,9,74.69,74.69,13.83,30,4.85,4.7,-2,422,0.019848616
4,1.5,3.58,3.4,9,9,74.69,74.69,13.83,30,4.85,4.7,-2,426,0.004852799
4,1.5,3.58,3.4,9,9,74.69,74.69,13.83,30,4.85,4.7,-2,430,0.019557797
4,1.5,3.58,3.4,9,9,74.69,74.69,13.83,30,4.85,4.7,-2,434,0.013522657
4,1.5,3.58,3.4,9,9,74.69,74.69,13.83,30,4.85,4.7,-2,438,0.008147267
4,1.5,3.58,3.4,9,9,74.69,74.69,13.83,30,4.85,4.7,-2,442,0.017273441
4,1.5,3.58,3.4,9,9,74.69,74.69,13.83,30,4.85,4.7,-2,446,0.004907927
4,1.5,3.58,3.4,9,9,74.69,74.69,13.83,30,4.85,4.7,-2,450,0.017252505
4,1.5,3.58,3.4,9,9,74.69,74.69,13.83,30,4.85,4.7,-2,454,0.012563532
4,1.5,3.58,3.4,9,9,74.69,74.69,13.83,30,4.85,4.7,-2,458,0.006347577
4,1.5,3.58,3.4,9,9,74.69,74.69,13.83,30,4.85,4.7,-2,462,0.017165858
4,1.5,3.58,3.4,9,9,74.69,74.69,13.83,30,4.85,4.7,-2,466,0.004971827
4,1.5,3.58,3.4,9,9,74.69,74.69,13.83,30,4.85,4.7,-2,470,0.016172484
4,1.5,3.58,3.4,9,9,74.69,74.69,13.83,30,4.85,4.7,-2,474,0.011100516
4,1.5,3.58,3.4,9,9,74.69,74.69,13.83,30,4.85,4.7,-2,478,0.004981379
4,1.5,3.58,3.4,9,9,74.69,74.69,13.83,30,4.85,4.7,-2,482,0.01742661
4,1.5,3.58,3.4,9,9,74.69,74.69,13.83,30,4.85,4.7,-2,486,0.004964482
4,1.5,3.58,3.4,9,9,74.69,74.69,13.83,30,4.85,4.7,-2,490,0.015540318
4,1.5,3.58,3.4,9,9,74.69,74.69,13.83,30,4.85,4.7,-2,494,0.012120924
4,1.5,3.58,3.4,9,9,74.69,74.69,13.83,30,4.85,4.7,-2,498,0.006557544
4,1.5,3.58,3.4,9,9,74.69,74.69,13.83,30,4.85,4.7,-2,502,0.017298816
4,1.5,3.58,3.4,9,9,74.69,74.69,13.83,30,4.85,4.7,-2,506,0.005009997
4,1.5,3.58,3.4,9,9,74.69,74.69,13.83,30,4.85,4.7,-2,510,0.014778353
4,1.5,3.58,3.4,9,9,74.69,74.69,13.83,30,4.85,4.7,-2,514,0.013028285
4,1.5,3.58,3.4,9,9,74.69,74.69,13.83,30,4.85,4.7,-2,518,0.005872132
4,1.5,3.58,3.4,9,9,74.69,74.69,13.83,30,4.85,4.7,-2,522,0.016359372
4,1.5,3.58,3.4,9,9,74.69,74.69,13.83,30,4.85,4.7,-2,526,0.004914774
4,1.5,3.58,3.4,9,9,74.69,74.69,13.83,30,4.85,4.7,-2,530,0.014464409
4,1.5,3.58,3.4,9,9,74.69,74.69,13.83,30,4.85,4.7,-2,534,0.012362831
4,1.5,3.58,3.4,9,9,74.69,74.69,13.83,30,4.85,4.7,-2,538,0.005341796
4,1.5,3.58,3.4,9,9,74.69,74.69,13.83,30,4.85,4.7,-2,542,0.017003049
4,1.5,3.58,3.4,9,9,74.69,74.69,13.83,30,4.85,4.7,-2,546,0.004872552
4,1.5,3.58,3.4,9,9,74.69,74.69,13.83,30,4.85,4.7,-2,550,0.014485419
4,1.5,3.58,3.4,9,9,74.69,74.69,13.83,30,4.85,4.7,-2,554,0.013534859
4,1.5,3.58,3.4,9,9,74.69,74.69,13.83,30,4.85,4.7,-2,558,0.00501491
4,1.5,3.58,3.4,9,9,74.69,74.69,13.83,30,4.85,4.7,-2,562,0.017404747
4,1.5,3.58,3.4,9,9,74.69,74.69,13.83,30,4.85,4.7,-2,566,0.004803952
4,1.5,3.58,3.4,9,9,74.69,74.69,13.83,30,4.85,4.7,-2,570,0.014918561
4,1.5,3.58,3.4,9,9,74.69,74.69,13.83,30,4.85,4.7,-2,574,0.011977184
4,1.5,3.58,3.4,9,9,74.69,74.69,13.83,30,4.85,4.7,-2,578,0.004643947
4,1.5,3.58,3.4,9,9,74.69,74.69,13.83,30,4.85,4.7,-2,582,0.014729828
4,1.5,3.58,3.4,9,9,74.69,74.69,13.83,30,4.85,4.7,-2,586,0.005103898
4,1.5,3.58,3.4,9,9,74.69,74.69,13.83,30,4.85,4.7,-2,590,0.014970804
4,1.5,3.58,3.4,9,9,74.69,74.69,13.83,30,4.85,4.7,-2,594,0.01249479
4,1.5,3.58,3.4,9,9,74.69,74.69,13.83,30,4.85,4.7,-2,598,0.004436538
5A,2,3.4,0,9,0,74.69,0,15.46,400,4.85,5.1,-2,254,0.565989832
5A,2,3.4,0,9,0,74.69,0,15.46,400,4.85,5.1,-2,258,0.548287656
5A,2,3.4,0,9,0,74.69,0,15.46,400,4.85,5.1,-2,262,0.544095495
5A,2,3.4,0,9,0,74.69,0,15.46,400,4.85,5.1,-2,266,0.534760894
5A,2,3.4,0,9,0,74.69,0,15.46,400,4.85,5.1,-2,270,0.520517904
5A,2,3.4,0,9,0,74.69,0,15.46,400,4.85,5.1,-2,274,0.525488112
5A,2,3.4,0,9,0,74.69,0,15.46,400,4.85,5.1,-2,278,0.529072846
5A,2,3.4,0,9,0,74.69,0,15.46,400,4.85,5.1,-2,282,0.529903502
5A,2,3.4,0,9,0,74.69,0,15.46,400,4.85,5.1,-2,286,0.540905222
5A,2,3.4,0,9,0,74.69,0,15.46,400,4.85,5.1,-2,290,0.550637595
5A,2,3.4,0,9,0,74.69,0,15.46,400,4.85,5.1,-2,294,0.57862539
5A,2,3.4,0,9,0,74.69,0,15.46,400,4.85,5.1,-2,298,0.638961535
5A,2,3.4,0,9,0,74.69,0,15.46,400,4.85,5.1,-2,302,0.662943558
5A,2,3.4,0,9,0,74.69,0,15.46,400,4.85,5.1,-2,306,0.678870561
5A,2,3.4,0,9,0,74.69,0,15.46,400,4.85,5.1,-2,310,0.68925438
5A,2,3.4,0,9,0,74.69,0,15.46,400,4.85,5.1,-2,314,0.586874066
5A,2,3.4,0,9,0,74.69,0,15.46,400,4.85,5.1,-2,318,0.421170228
5A,2,3.4,0,9,0,74.69,0,15.46,400,4.85,5.1,-2,322,0.313440776
5A,2,3.4,0,9,0,74.69,0,15.46,400,4.85,5.1,-2,326,0.245013976
5A,2,3.4,0,9,0,74.69,0,15.46,400,4.85,5.1,-2,330,0.184224111
5A,2,3.4,0,9,0,74.69,0,15.46,400,4.85,5.1,-2,334,0.150951101
5A,2,3.4,0,9,0,74.69,0,15.46,400,4.85,5.1,-2,338,0.106559733
5A,2,3.4,0,9,0,74.69,0,15.46,400,4.85,5.1,-2,342,0.092789699
5A,2,3.4,0,9,0,74.69,0,15.46,400,4.85,5.1,-2,346,0.070363851
5A,2,3.4,0,9,0,74.69,0,15.46,400,4.85,5.1,-2,350,0.050374414
5A,2,3.4,0,9,0,74.69,0,15.46,400,4.85,5.1,-2,354,0.048528684
5A,2,3.4,0,9,0,74.69,0,15.46,400,4.85,5.1,-2,358,0.035645813
5A,2,3.4,0,9,0,74.69,0,15.46,400,4.85,5.1,-2,362,0.035881649
5A,2,3.4,0,9,0,74.69,0,15.46,400,4.85,5.1,-2,366,0.027704751
5A,2,3.4,0,9,0,74.69,0,15.46,400,4.85,5.1,-2,370,0.020450836
5A,2,3.4,0,9,0,74.69,0,15.46,400,4.85,5.1,-2,374,0.020794084
5A,2,3.4,0,9,0,74.69,0,15.46,400,4.85,5.1,-2,378,0.014975904
5A,2,3.4,0,9,0,74.69,0,15.46,400,4.85,5.1,-2,382,0.015168272
5A,2,3.4,0,9,0,74.69,0,15.46,400,4.85,5.1,-2,386,0.011832452
5A,2,3.4,0,9,0,74.69,0,15.46,400,4.85,5.1,-2,390,0.00722213
5A,2,3.4,0,9,0,74.69,0,15.46,400,4.85,5.1,-2,394,0.008317604
5A,2,3.4,0,9,0,74.69,0,15.46,400,4.85,5.1,-2,398,0.006898793
5A,2,3.4,0,9,0,74.69,0,15.46,400,4.85,5.1,-2,402,0.009037963
5A,2,3.4,0,9,0,74.69,0,15.46,400,4.85,5.1,-2,406,0.00733333
5A,2,3.4,0,9,0,74.69,0,15.46,400,4.85,5.1,-2,410,0.00725581
5A,2,3.4,0,9,0,74.69,0,15.46,400,4.85,5.1,-2,414,0.006012503
5A,2,3.4,0,9,0,74.69,0,15.46,400,4.85,5.1,-2,418,0.004856476
5A,2,3.4,0,9,0,74.69,0,15.46,400,4.85,5.1,-2,422,0.007195655
5A,2,3.4,0,9,0,74.69,0,15.46,400,4.85,5.1,-2,426,0.005468044
5A,2,3.4,0,9,0,74.69,0,15.46,400,4.85,5.1,-2,430,0.006518877
5A,2,3.4,0,9,0,74.69,0,15.46,400,4.85,5.1,-2,434,0.004035085
5A,2,3.4,0,9,0,74.69,0,15.46,400,4.85,5.1,-2,438,0.004378751
5A,2,3.4,0,9,0,74.69,0,15.46,400,4.85,5.1,-2,442,0.006141859
5A,2,3.4,0,9,0,74.69,0,15.46,400,4.85,5.1,-2,446,0.004458415
5A,2,3.4,0,9,0,74.69,0,15.46,400,4.85,5.1,-2,450,0.005775263
5A,2,3.4,0,9,0,74.69,0,15.46,400,4.85,5.1,-2,454,0.004278905
5A,2,3.4,0,9,0,74.69,0,15.46,400,4.85,5.1,-2,458,0.004231428
5A,2,3.4,0,9,0,74.69,0,15.46,400,4.85,5.1,-2,462,0.005963133
5A,2,3.4,0,9,0,74.69,0,15.46,400,4.85,5.1,-2,466,0.004562808
5A,2,3.4,0,9,0,74.69,0,15.46,400,4.85,5.1,-2,470,0.006450642
5A,2,3.4,0,9,0,74.69,0,15.46,400,4.85,5.1,-2,474,0.004510178
5A,2,3.4,0,9,0,74.69,0,15.46,400,4.85,5.1,-2,478,0.004844814
5A,2,3.4,0,9,0,74.69,0,15.46,400,4.85,5.1,-2,482,0.006653703
5A,2,3.4,0,9,0,74.69,0,15.46,400,4.85,5.1,-2,486,0.004974144
5A,2,3.4,0,9,0,74.69,0,15.46,400,4.85,5.1,-2,490,0.005347883
5A,2,3.4,0,9,0,74.69,0,15.46,400,4.85,5.1,-2,494,0.005385471
5A,2,3.4,0,9,0,74.69,0,15.46,400,4.85,5.1,-2,498,0.00407118
5A,2,3.4,0,9,0,74.69,0,15.46,400,4.85,5.1,-2,502,0.005569755
5A,2,3.4,0,9,0,74.69,0,15.46,400,4.85,5.1,-2,506,0.0042712
5A,2,3.4,0,9,0,74.69,0,15.46,400,4.85,5.1,-2,510,0.005083507
5A,2,3.4,0,9,0,74.69,0,15.46,400,4.85,5.1,-2,514,0.004223054
5A,2,3.4,0,9,0,74.69,0,15.46,400,4.85,5.1,-2,518,0.004152594
5A,2,3.4,0,9,0,74.69,0,15.46,400,4.85,5.1,-2,522,0.005405758
5A,2,3.4,0,9,0,74.69,0,15.46,400,4.85,5.1,-2,526,0.004466383
5A,2,3.4,0,9,0,74.69,0,15.46,400,4.85,5.1,-2,530,0.005361396
5A,2,3.4,0,9,0,74.69,0,15.46,400,4.85,5.1,-2,534,0.004039564
5A,2,3.4,0,9,0,74.69,0,15.46,400,4.85,5.1,-2,538,0.004174904
5A,2,3.4,0,9,0,74.69,0,15.46,400,4.85,5.1,-2,542,0.005206199
5A,2,3.4,0,9,0,74.69,0,15.46,400,4.85,5.1,-2,546,0.004480761
5A,2,3.4,0,9,0,74.69,0,15.46,400,4.85,5.1,-2,550,0.005716692
5A,2,3.4,0,9,0,74.69,0,15.46,400,4.85,5.1,-2,554,0.003801402
5A,2,3.4,0,9,0,74.69,0,15.46,400,4.85,5.1,-2,558,0.004304761
5A,2,3.4,0,9,0,74.69,0,15.46,400,4.85,5.1,-2,562,0.006030593
5A,2,3.4,0,9,0,74.69,0,15.46,400,4.85,5.1,-2,566,0.005432781
5A,2,3.4,0,9,0,74.69,0,15.46,400,4.85,5.1,-2,570,0.005426504
5A,2,3.4,0,9,0,74.69,0,15.46,400,4.85,5.1,-2,574,0.005428353
5A,2,3.4,0,9,0,74.69,0,15.46,400,4.85,5.1,-2,578,0.004709903
5A,2,3.4,0,9,0,74.69,0,15.46,400,4.85,5.1,-2,582,0.00586591
5A,2,3.4,0,9,0,74.69,0,15.46,400,4.85,5.1,-2,586,0.005424369
5A,2,3.4,0,9,0,74.69,0,15.46,400,4.85,5.1,-2,590,0.005426499
5A,2,3.4,0,9,0,74.69,0,15.46,400,4.85,5.1,-2,594,0.005418836
5A,2,3.4,0,9,0,74.69,0,15.46,400,4.85,5.1,-2,598,0.004507463
5p,2,3.4,0,9,0,74.69,0,15.46,30,4.85,5.1,-2,253.4149913,0.122057592
5p,2,3.4,0,9,0,74.69,0,15.46,30,4.85,5.1,-2,256,0.11253765
5p,2,3.4,0,9,0,74.69,0,15.46,30,4.85,5.1,-2,262,0.097067538
5p,2,3.4,0,9,0,74.69,0,15.46,30,4.85,5.1,-2,268,0.111961489
5p,2,3.4,0,9,0,74.69,0,15.46,30,4.85,5.1,-2,274,0.119170111
5p,2,3.4,0,9,0,74.69,0,15.46,30,4.85,5.1,-2,280,0.097086504
5p,2,3.4,0,9,0,74.69,0,15.46,30,4.85,5.1,-2,286,0.106990047
5p,2,3.4,0,9,0,74.69,0,15.46,30,4.85,5.1,-2,292,0.10980476
5p,2,3.4,0,9,0,74.69,0,15.46,30,4.85,5.1,-2,298,0.117394552
5p,2,3.4,0,9,0,74.69,0,15.46,30,4.85,5.1,-2,304,0.121799392
5p,2,3.4,0,9,0,74.69,0,15.46,30,4.85,5.1,-2,310,0.120637425
5p,2,3.4,0,9,0,74.69,0,15.46,30,4.85,5.1,-2,316,0.094772475
5p,2,3.4,0,9,0,74.69,0,15.46,30,4.85,5.1,-2,322,0.061371068
5p,2,3.4,0,9,0,74.69,0,15.46,30,4.85,5.1,-2,328,0.044177283
5p,2,3.4,0,9,0,74.69,0,15.46,30,4.85,5.1,-2,334,0.035176406
5p,2,3.4,0,9,0,74.69,0,15.46,30,4.85,5.1,-2,340,0.014766127
5p,2,3.4,0,9,0,74.69,0,15.46,30,4.85,5.1,-2,346,0.013580646
5p,2,3.4,0,9,0,74.69,0,15.46,30,4.85,5.1,-2,352,0.006807913
5p,2,3.4,0,9,0,74.69,0,15.46,30,4.85,5.1,-2,358,0.004469529
5p,2,3.4,0,9,0,74.69,0,15.46,30,4.85,5.1,-2,364,0.002885097
5p,2,3.4,0,9,0,74.69,0,15.46,30,4.85,5.1,-2,370,-0.002996984
5p,2,3.4,0,9,0,74.69,0,15.46,30,4.85,5.1,-2,376,0.001861286
5p,2,3.4,0,9,0,74.69,0,15.46,30,4.85,5.1,-2,382,-0.003754132
5p,2,3.4,0,9,0,74.69,0,15.46,30,4.85,5.1,-2,388,-0.00298677
5p,2,3.4,0,9,0,74.69,0,15.46,30,4.85,5.1,-2,394,-0.003816224
5p,2,3.4,0,9,0,74.69,0,15.46,30,4.85,5.1,-2,400,-0.007210706
5p,2,3.4,0,9,0,74.69,0,15.46,30,4.85,5.1,-2,406,-0.000924515
5p,2,3.4,0,9,0,74.69,0,15.46,30,4.85,5.1,-2,412,-0.008682131
5p,2,3.4,0,9,0,74.69,0,15.46,30,4.85,5.1,-2,418,-0.004225912
5p,2,3.4,0,9,0,74.69,0,15.46,30,4.85,5.1,-2,424,-0.004524402
5p,2,3.4,0,9,0,74.69,0,15.46,30,4.85,5.1,-2,430,-0.009413304
5p,2,3.4,0,9,0,74.69,0,15.46,30,4.85,5.1,-2,436,-0.007818279
5p,2,3.4,0,9,0,74.69,0,15.46,30,4.85,5.1,-2,442,-0.009027179
5p,2,3.4,0,9,0,74.69,0,15.46,30,4.85,5.1,-2,448,-0.009057363
5p,2,3.4,0,9,0,74.69,0,15.46,30,4.85,5.1,-2,454,-0.009051587
5p,2,3.4,0,9,0,74.69,0,15.46,30,4.85,5.1,-2,460,-0.009050536
5p,2,3.4,0,9,0,74.69,0,15.46,30,4.85,5.1,-2,466,-0.009047638
5p,2,3.4,0,9,0,74.69,0,15.46,30,4.85,5.1,-2,472,-0.009068876
5p,2,3.4,0,9,0,74.69,0,15.46,30,4.85,5.1,-2,478,-0.008687059
5p,2,3.4,0,9,0,74.69,0,15.46,30,4.85,5.1,-2,484,-0.008845933
5p,2,3.4,0,9,0,74.69,0,15.46,30,4.85,5.1,-2,490,-0.008078533
5p,2,3.4,0,9,0,74.69,0,15.46,30,4.85,5.1,-2,496,-0.00720695
5p,2,3.4,0,9,0,74.69,0,15.46,30,4.85,5.1,-2,502,-0.006243405
5p,2,3.4,0,9,0,74.69,0,15.46,30,4.85,5.1,-2,508,-0.005200121
5p,2,3.4,0,9,0,74.69,0,15.46,30,4.85,5.1,-2,514,-0.00408932
5p,2,3.4,0,9,0,74.69,0,15.46,30,4.85,5.1,-2,520,-0.002923224
5p,2,3.4,0,9,0,74.69,0,15.46,30,4.85,5.1,-2,526,-0.001714056
5p,2,3.4,0,9,0,74.69,0,15.46,30,4.85,5.1,-2,532,-0.000474037
5p,2,3.4,0,9,0,74.69,0,15.46,30,4.85,5.1,-2,538,0.00078461
5p,2,3.4,0,9,0,74.69,0,15.46,30,4.85,5.1,-2,544,0.002049664
5p,2,3.4,0,9,0,74.69,0,15.46,30,4.85,5.1,-2,550,0.003308901
5p,2,3.4,0,9,0,74.69,0,15.46,30,4.85,5.1,-2,556,0.004550101
5p,2,3.4,0,9,0,74.69,0,15.46,30,4.85,5.1,-2,562,0.00576104
5p,2,3.4,0,9,0,74.69,0,15.46,30,4.85,5.1,-2,568,0.006929496
5p,2,3.4,0,9,0,74.69,0,15.46,30,4.85,5.1,-2,574,0.008043248
5p,2,3.4,0,9,0,74.69,0,15.46,30,4.85,5.1,-2,580,0.009090074
5p,2,3.4,0,9,0,74.69,0,15.46,30,4.85,5.1,-2,586,0.01005775
5p,2,3.4,0,9,0,74.69,0,15.46,30,4.85,5.1,-2,592,0.010934055
5p,2,3.4,0,9,0,74.69,0,15.46,30,4.85,5.1,-2,598,0.011706766
6,2,4.97,0,20,0,210.49,0,17,30,4.85,5.1,2,200,0.274678342
6,2,4.97,0,20,0,210.49,0,17,30,4.85,5.1,2,209,0.27505635
6,2,4.97,0,20,0,210.49,0,17,30,4.85,5.1,2,218,0.282758197
6,2,4.97,0,20,0,210.49,0,17,30,4.85,5.1,2,227,0.290730498
6,2,4.97,0,20,0,210.49,0,17,30,4.85,5.1,2,236,0.291509562
6,2,4.97,0,20,0,210.49,0,17,30,4.85,5.1,2,245,0.29698432
6,2,4.97,0,20,0,210.49,0,17,30,4.85,5.1,2,254,0.300086316
6,2,4.97,0,20,0,210.49,0,17,30,4.85,5.1,2,263,0.29618999
6,2,4.97,0,20,0,210.49,0,17,30,4.85,5.1,2,272,0.302720207
6,2,4.97,0,20,0,210.49,0,17,30,4.85,5.1,2,281,0.301969095
6,2,4.97,0,20,0,210.49,0,17,30,4.85,5.1,2,290,0.289668228
6,2,4.97,0,20,0,210.49,0,17,30,4.85,5.1,2,299,0.27602203
6,2,4.97,0,20,0,210.49,0,17,30,4.85,5.1,2,308,0.2556371
6,2,4.97,0,20,0,210.49,0,17,30,4.85,5.1,2,317,0.225570273
6,2,4.97,0,20,0,210.49,0,17,30,4.85,5.1,2,326,0.180496594
6,2,4.97,0,20,0,210.49,0,17,30,4.85,5.1,2,335,0.117647047
6,2,4.97,0,20,0,210.49,0,17,30,4.85,5.1,2,344,0.074808744
6,2,4.97,0,20,0,210.49,0,17,30,4.85,5.1,2,353,0.044090584
6,2,4.97,0,20,0,210.49,0,17,30,4.85,5.1,2,362,0.03141907
6,2,4.97,0,20,0,210.49,0,17,30,4.85,5.1,2,371,0.022566919
6,2,4.97,0,20,0,210.49,0,17,30,4.85,5.1,2,380,0.017241534
6,2,4.97,0,20,0,210.49,0,17,30,4.85,5.1,2,389,0.013777054
6,2,4.97,0,20,0,210.49,0,17,30,4.85,5.1,2,398,0.011271526
6,2,4.97,0,20,0,210.49,0,17,30,4.85,5.1,2,407,0.009911847
6,2,4.97,0,20,0,210.49,0,17,30,4.85,5.1,2,416,0.00821694
6,2,4.97,0,20,0,210.49,0,17,30,4.85,5.1,2,425,0.007438043
6,2,4.97,0,20,0,210.49,0,17,30,4.85,5.1,2,434,0.007257744
6,2,4.97,0,20,0,210.49,0,17,30,4.85,5.1,2,443,0.007214676
6,2,4.97,0,20,0,210.49,0,17,30,4.85,5.1,2,452,0.006832441
6,2,4.97,0,20,0,210.49,0,17,30,4.85,5.1,2,461,0.006831651
6,2,4.97,0,20,0,210.49,0,17,30,4.85,5.1,2,470,0.005292314
6,2,4.97,0,20,0,210.49,0,17,30,4.85,5.1,2,479,0.005300204
6,2,4.97,0,20,0,210.49,0,17,30,4.85,5.1,2,488,0.004925156
6,2,4.97,0,20,0,210.49,0,17,30,4.85,5.1,2,497,0.004948473
6,2,4.97,0,20,0,210.49,0,17,30,4.85,5.1,2,506,0.005037078
6,2,4.97,0,20,0,210.49,0,17,30,4.85,5.1,2,515,0.0052521
6,2,4.97,0,20,0,210.49,0,17,30,4.85,5.1,2,524,0.005302746
6,2,4.97,0,20,0,210.49,0,17,30,4.85,5.1,2,533,0.005286937
6,2,4.97,0,20,0,210.49,0,17,30,4.85,5.1,2,542,0.004910381
6,2,4.97,0,20,0,210.49,0,17,30,4.85,5.1,2,551,0.005294214
6,2,4.97,0,20,0,210.49,0,17,30,4.85,5.1,2,560,0.004910429
6,2,4.97,0,20,0,210.49,0,17,30,4.85,5.1,2,569,0.00529426
6,2,4.97,0,20,0,210.49,0,17,30,4.85,5.1,2,578,0.004537978
6,2,4.97,0,20,0,210.49,0,17,30,4.85,5.1,2,587,0.0053001
6,2,4.97,0,20,0,210.49,0,17,30,4.85,5.1,2,596,0.00537515
6,2,4.97,0,20,0,210.49,0,17,30,4.85,5.1,2,605,0.0051429
6,2,4.97,0,20,0,210.49,0,17,30,4.85,5.1,2,614,0.005294239
6,2,4.97,0,20,0,210.49,0,17,30,4.85,5.1,2,623,0.004914322
6,2,4.97,0,20,0,210.49,0,17,30,4.85,5.1,2,632,0.005294234
6,2,4.97,0,20,0,210.49,0,17,30,4.85,5.1,2,641,0.004909567
6,2,4.97,0,20,0,210.49,0,17,30,4.85,5.1,2,650,0.004532708
7,2,3.83,0,22.5,0,441.89,0,0,30,4.25,5.1,-2,200,0.431820901
7,2,3.83,0,22.5,0,441.89,0,0,30,4.25,5.1,-2,208,0.437287108
7,2,3.83,0,22.5,0,441.89,0,0,30,4.25,5.1,-2,216,0.449029751
7,2,3.83,0,22.5,0,441.89,0,0,30,4.25,5.1,-2,224,0.46264556
7,2,3.83,0,22.5,0,441.89,0,0,30,4.25,5.1,-2,232,0.475284743
7,2,3.83,0,22.5,0,441.89,0,0,30,4.25,5.1,-2,240,0.478237702
7,2,3.83,0,22.5,0,441.89,0,0,30,4.25,5.1,-2,248,0.475466108
7,2,3.83,0,22.5,0,441.89,0,0,30,4.25,5.1,-2,256,0.486653008
7,2,3.83,0,22.5,0,441.89,0,0,30,4.25,5.1,-2,264,0.492468097
7,2,3.83,0,22.5,0,441.89,0,0,30,4.25,5.1,-2,272,0.49536423
7,2,3.83,0,22.5,0,441.89,0,0,30,4.25,5.1,-2,280,0.492720658
7,2,3.83,0,22.5,0,441.89,0,0,30,4.25,5.1,-2,288,0.470891594
7,2,3.83,0,22.5,0,441.89,0,0,30,4.25,5.1,-2,296,0.421763535
7,2,3.83,0,22.5,0,441.89,0,0,30,4.25,5.1,-2,304,0.362360069
7,2,3.83,0,22.5,0,441.89,0,0,30,4.25,5.1,-2,312,0.281741798
7,2,3.83,0,22.5,0,441.89,0,0,30,4.25,5.1,-2,320,0.183326276
7,2,3.83,0,22.5,0,441.89,0,0,30,4.25,5.1,-2,328,0.12597602
7,2,3.83,0,22.5,0,441.89,0,0,30,4.25,5.1,-2,336,0.065097903
7,2,3.83,0,22.5,0,441.89,0,0,30,4.25,5.1,-2,344,0.034941396
7,2,3.83,0,22.5,0,441.89,0,0,30,4.25,5.1,-2,352,0.021272622
7,2,3.83,0,22.5,0,441.89,0,0,30,4.25,5.1,-2,360,0.013508651
7,2,3.83,0,22.5,0,441.89,0,0,30,4.25,5.1,-2,368,0.008632537
7,2,3.83,0,22.5,0,441.89,0,0,30,4.25,5.1,-2,376,0.005807876
7,2,3.83,0,22.5,0,441.89,0,0,30,4.25,5.1,-2,384,0.00542621
7,2,3.83,0,22.5,0,441.89,0,0,30,4.25,5.1,-2,392,0.004199958
7,2,3.83,0,22.5,0,441.89,0,0,30,4.25,5.1,-2,400,0.002752817
7,2,3.83,0,22.5,0,441.89,0,0,30,4.25,5.1,-2,408,0.002138488
7,2,3.83,0,22.5,0,441.89,0,0,30,4.25,5.1,-2,416,0.002143264
7,2,3.83,0,22.5,0,441.89,0,0,30,4.25,5.1,-2,424,0.002059917
7,2,3.83,0,22.5,0,441.89,0,0,30,4.25,5.1,-2,432,0.000987983
7,2,3.83,0,22.5,0,441.89,0,0,30,4.25,5.1,-2,440,-0.000236108
7,2,3.83,0,22.5,0,441.89,0,0,30,4.25,5.1,-2,448,0.000965727
7,2,3.83,0,22.5,0,441.89,0,0,30,4.25,5.1,-2,456,0.000959937
7,2,3.83,0,22.5,0,441.89,0,0,30,4.25,5.1,-2,464,0.000959937
7,2,3.83,0,22.5,0,441.89,0,0,30,4.25,5.1,-2,472,0.000954073
7,2,3.83,0,22.5,0,441.89,0,0,30,4.25,5.1,-2,480,0.000959893
7,2,3.83,0,22.5,0,441.89,0,0,30,4.25,5.1,-2,488,0.000433693
7,2,3.83,0,22.5,0,441.89,0,0,30,4.25,5.1,-2,496,0.0015958
7,2,3.83,0,22.5,0,441.89,0,0,30,4.25,5.1,-2,504,0.000804251
7,2,3.83,0,22.5,0,441.89,0,0,30,4.25,5.1,-2,512,0.000362381
7,2,3.83,0,22.5,0,441.89,0,0,30,4.25,5.1,-2,520,0.000948134
7,2,3.83,0,22.5,0,441.89,0,0,30,4.25,5.1,-2,528,0.00036234
7,2,3.83,0,22.5,0,441.89,0,0,30,4.25,5.1,-2,536,0.000289564
7,2,3.83,0,22.5,0,441.89,0,0,30,4.25,5.1,-2,544,0.000948246
7,2,3.83,0,22.5,0,441.89,0,0,30,4.25,5.1,-2,552,0.000367621
7,2,3.83,0,22.5,0,441.89,0,0,30,4.25,5.1,-2,560,0.000362311
7,2,3.83,0,22.5,0,441.89,0,0,30,4.25,5.1,-2,568,0.000362349
7,2,3.83,0,22.5,0,441.89,0,0,30,4.25,5.1,-2,576,0.000362839
7,2,3.83,0,22.5,0,441.89,0,0,30,4.25,5.1,-2,584,0.000836127
7,2,3.83,0,22.5,0,441.89,0,0,30,4.25,5.1,-2,592,0.000362349
7,2,3.83,0,22.5,0,441.89,0,0,30,4.25,5.1,-2,600,0.000362349
8,2,3.36,0,22.5,1,172.12,107.87,10.5,30,4.25,5.1,-4,302,11.72210016
8,2,3.36,0,22.5,1,172.12,107.87,10.5,30,4.25,5.1,-4,308,12.01106687
8,2,3.36,0,22.5,1,172.12,107.87,10.5,30,4.25,5.1,-4,314,12.16329676
8,2,3.36,0,22.5,1,172.12,107.87,10.5,30,4.25,5.1,-4,320,12.38256656
8,2,3.36,0,22.5,1,172.12,107.87,10.5,30,4.25,5.1,-4,326,12.62174937
8,2,3.36,0,22.5,1,172.12,107.87,10.5,30,4.25,5.1,-4,332,12.70351459
8,2,3.36,0,22.5,1,172.12,107.87,10.5,30,4.25,5.1,-4,338,13.1327522
8,2,3.36,0,22.5,1,172.12,107.87,10.5,30,4.25,5.1,-4,344,13.20446839
8,2,3.36,0,22.5,1,172.12,107.87,10.5,30,4.25,5.1,-4,350,13.51082591
8,2,3.36,0,22.5,1,172.12,107.87,10.5,30,4.25,5.1,-4,356,14.15998896
8,2,3.36,0,22.5,1,172.12,107.87,10.5,30,4.25,5.1,-4,361.9834572,14.76241834
8,2,3.36,0,22.5,1,172.12,107.87,10.5,30,4.25,5.1,-4,369.2277631,15.64040816
8,2,3.36,0,22.5,1,172.12,107.87,10.5,30,4.25,5.1,-4,374.0093503,14.90602706
8,2,3.36,0,22.5,1,172.12,107.87,10.5,30,4.25,5.1,-4,380,13.60624991
8,2,3.36,0,22.5,1,172.12,107.87,10.5,30,4.25,5.1,-4,386,12.39052428
8,2,3.36,0,22.5,1,172.12,107.87,10.5,30,4.25,5.1,-4,392,11.47562449
8,2,3.36,0,22.5,1,172.12,107.87,10.5,30,4.25,5.1,-4,398,9.892834892
8,2,3.36,0,22.5,1,172.12,107.87,10.5,30,4.25,5.1,-4,404,8.92644594
8,2,3.36,0,22.5,1,172.12,107.87,10.5,30,4.25,5.1,-4,410,7.605852065
8,2,3.36,0,22.5,1,172.12,107.87,10.5,30,4.25,5.1,-4,416,6.969369371
8,2,3.36,0,22.5,1,172.12,107.87,10.5,30,4.25,5.1,-4,422,6.476294471
8,2,3.36,0,22.5,1,172.12,107.87,10.5,30,4.25,5.1,-4,428,6.249786914
8,2,3.36,0,22.5,1,172.12,107.87,10.5,30,4.25,5.1,-4,434,6.290328106
8,2,3.36,0,22.5,1,172.12,107.87,10.5,30,4.25,5.1,-4,440,6.013402243
8,2,3.36,0,22.5,1,172.12,107.87,10.5,30,4.25,5.1,-4,446,6.169839605
8,2,3.36,0,22.5,1,172.12,107.87,10.5,30,4.25,5.1,-4,452,6.12081265
8,2,3.36,0,22.5,1,172.12,107.87,10.5,30,4.25,5.1,-4,458,6.017427182
8,2,3.36,0,22.5,1,172.12,107.87,10.5,30,4.25,5.1,-4,464,6.065088829
8,2,3.36,0,22.5,1,172.12,107.87,10.5,30,4.25,5.1,-4,470,6.072598981
8,2,3.36,0,22.5,1,172.12,107.87,10.5,30,4.25,5.1,-4,476,5.797296164
8,2,3.36,0,22.5,1,172.12,107.87,10.5,30,4.25,5.1,-4,482,5.566647236
8,2,3.36,0,22.5,1,172.12,107.87,10.5,30,4.25,5.1,-4,488,4.864209922
8,2,3.36,0,22.5,1,172.12,107.87,10.5,30,4.25,5.1,-4,494,4.967568331
8,2,3.36,0,22.5,1,172.12,107.87,10.5,30,4.25,5.1,-4,500,5.612770814
8,2,3.36,0,22.5,1,172.12,107.87,10.5,30,4.25,5.1,-4,506,5.614465066
8,2,3.36,0,22.5,1,172.12,107.87,10.5,30,4.25,5.1,-4,512,5.593501757
8,2,3.36,0,22.5,1,172.12,107.87,10.5,30,4.25,5.1,-4,518,4.663659774
8,2,3.36,0,22.5,1,172.12,107.87,10.5,30,4.25,5.1,-4,524,4.61367225
8,2,3.36,0,22.5,1,172.12,107.87,10.5,30,4.25,5.1,-4,530,4.496629916
8,2,3.36,0,22.5,1,172.12,107.87,10.5,30,4.25,5.1,-4,536,4.503686257
8,2,3.36,0,22.5,1,172.12,107.87,10.5,30,4.25,5.1,-4,542,4.516080732
8,2,3.36,0,22.5,1,172.12,107.87,10.5,30,4.25,5.1,-4,548,4.987437498
8,2,3.36,0,22.5,1,172.12,107.87,10.5,30,4.25,5.1,-4,554,4.940898703
8,2,3.36,0,22.5,1,172.12,107.87,10.5,30,4.25,5.1,-4,560,4.500931539
8,2,3.36,0,22.5,1,172.12,107.87,10.5,30,4.25,5.1,-4,566,4.572407325
8,2,3.36,0,22.5,1,172.12,107.87,10.5,30,4.25,5.1,-4,572,4.553137039
8,2,3.36,0,22.5,1,172.12,107.87,10.5,30,4.25,5.1,-4,578,4.543797731
8,2,3.36,0,22.5,1,172.12,107.87,10.5,30,4.25,5.1,-4,584,4.633744451
8,2,3.36,0,22.5,1,172.12,107.87,10.5,30,4.25,5.1,-4,590,4.526250299
8,2,3.36,0,22.5,1,172.12,107.87,10.5,30,4.25,5.1,-4,596,4.937755764
8,2,3.36,0,22.5,1,172.12,107.87,10.5,30,4.25,5.1,-4,602,5.083102689
8,2,3.36,0,22.5,1,172.12,107.87,10.5,30,4.25,5.1,-5,296,13.03839599
8,2,3.36,0,22.5,1,172.12,107.87,10.5,30,4.25,5.1,-5,302,13.03665735
8,2,3.36,0,22.5,1,172.12,107.87,10.5,30,4.25,5.1,-5,308,13.36273195
8,2,3.36,0,22.5,1,172.12,107.87,10.5,30,4.25,5.1,-5,314,13.51294496
8,2,3.36,0,22.5,1,172.12,107.87,10.5,30,4.25,5.1,-5,320,13.6962457
8,2,3.36,0,22.5,1,172.12,107.87,10.5,30,4.25,5.1,-5,326,13.99851809
8,2,3.36,0,22.5,1,172.12,107.87,10.5,30,4.25,5.1,-5,332,13.99971929
8,2,3.36,0,22.5,1,172.12,107.87,10.5,30,4.25,5.1,-5,338,14.10382293
8,2,3.36,0,22.5,1,172.12,107.87,10.5,30,4.25,5.1,-5,344,14.19991911
8,2,3.36,0,22.5,1,172.12,107.87,10.5,30,4.25,5.1,-5,350,14.60756091
8,2,3.36,0,22.5,1,172.12,107.87,10.5,30,4.25,5.1,-5,356,15.20677504
8,2,3.36,0,22.5,1,172.12,107.87,10.5,30,4.25,5.1,-5,362,15.38721201
8,2,3.36,0,22.5,1,172.12,107.87,10.5,30,4.25,5.1,-5,368,16.56560394
8,2,3.36,0,22.5,1,172.12,107.87,10.5,30,4.25,5.1,-5,374,16.10399998
8,2,3.36,0,22.5,1,172.12,107.87,10.5,30,4.25,5.1,-5,380,14.60624995
8,2,3.36,0,22.5,1,172.12,107.87,10.5,30,4.25,5.1,-5,386,13.12354853
8,2,3.36,0,22.5,1,172.12,107.87,10.5,30,4.25,5.1,-5,392,12.45741793
8,2,3.36,0,22.5,1,172.12,107.87,10.5,30,4.25,5.1,-5,398,10.90208569
8,2,3.36,0,22.5,1,172.12,107.87,10.5,30,4.25,5.1,-5,404,9.968738532
8,2,3.36,0,22.5,1,172.12,107.87,10.5,30,4.25,5.1,-5,410,8.593833534
8,2,3.36,0,22.5,1,172.12,107.87,10.5,30,4.25,5.1,-5,416,7.807863731
8,2,3.36,0,22.5,1,172.12,107.87,10.5,30,4.25,5.1,-5,422,7.484415424
8,2,3.36,0,22.5,1,172.12,107.87,10.5,30,4.25,5.1,-5,428,7.40327429
8,2,3.36,0,22.5,1,172.12,107.87,10.5,30,4.25,5.1,-5,434,7.424036323
8,2,3.36,0,22.5,1,172.12,107.87,10.5,30,4.25,5.1,-5,440,6.98389596
8,2,3.36,0,22.5,1,172.12,107.87,10.5,30,4.25,5.1,-5,446,7.387941169
8,2,3.36,0,22.5,1,172.12,107.87,10.5,30,4.25,5.1,-5,452,7.441377995
8,2,3.36,0,22.5,1,172.12,107.87,10.5,30,4.25,5.1,-5,458,7.045558302
8,2,3.36,0,22.5,1,172.12,107.87,10.5,30,4.25,5.1,-5,464,7.072264006
8,2,3.36,0,22.5,1,172.12,107.87,10.5,30,4.25,5.1,-5,470,7.048330285
8,2,3.36,0,22.5,1,172.12,107.87,10.5,30,4.25,5.1,-5,476,6.779560785
8,2,3.36,0,22.5,1,172.12,107.87,10.5,30,4.25,5.1,-5,482,6.657277599
8,2,3.36,0,22.5,1,172.12,107.87,10.5,30,4.25,5.1,-5,488,5.855358088
8,2,3.36,0,22.5,1,172.12,107.87,10.5,30,4.25,5.1,-5,494,5.955808422
8,2,3.36,0,22.5,1,172.12,107.87,10.5,30,4.25,5.1,-5,500,6.508887905
8,2,3.36,0,22.5,1,172.12,107.87,10.5,30,4.25,5.1,-5,506,6.610409408
8,2,3.36,0,22.5,1,172.12,107.87,10.5,30,4.25,5.1,-5,512,6.491174488
8,2,3.36,0,22.5,1,172.12,107.87,10.5,30,4.25,5.1,-5,518,5.765415673
8,2,3.36,0,22.5,1,172.12,107.87,10.5,30,4.25,5.1,-5,524,5.592038092
8,2,3.36,0,22.5,1,172.12,107.87,10.5,30,4.25,5.1,-5,530,5.551309758
8,2,3.36,0,22.5,1,172.12,107.87,10.5,30,4.25,5.1,-5,536,5.538117869
8,2,3.36,0,22.5,1,172.12,107.87,10.5,30,4.25,5.1,-5,542,5.501088959
8,2,3.36,0,22.5,1,172.12,107.87,10.5,30,4.25,5.1,-5,548,5.89217359
8,2,3.36,0,22.5,1,172.12,107.87,10.5,30,4.25,5.1,-5,554,5.95026865
8,2,3.36,0,22.5,1,172.12,107.87,10.5,30,4.25,5.1,-5,560,5.474257383
8,2,3.36,0,22.5,1,172.12,107.87,10.5,30,4.25,5.1,-5,566,5.637379862
8,2,3.36,0,22.5,1,172.12,107.87,10.5,30,4.25,5.1,-5,572,5.663215501
8,2,3.36,0,22.5,1,172.12,107.87,10.5,30,4.25,5.1,-5,578,5.596069802
8,2,3.36,0,22.5,1,172.12,107.87,10.5,30,4.25,5.1,-5,584,5.625772268
8,2,3.36,0,22.5,1,172.12,107.87,10.5,30,4.25,5.1,-5,590,5.531056522
8,2,3.36,0,22.5,1,172.12,107.87,10.5,30,4.25,5.1,-5,596,5.984981102
8,2,3.36,0,22.5,1,172.12,107.87,10.5,30,4.25,5.1,-5,602,6.077548904
9as grown,2,5.4,0,12.5,0,362.5,0,8.64,30,4.25,4.7,-2,244.6331024,0.476977087
9as grown,2,5.4,0,12.5,0,362.5,0,8.64,30,4.25,4.7,-2,251.4816892,0.463538417
9as grown,2,5.4,0,12.5,0,362.5,0,8.64,30,4.25,4.7,-2,258.3163837,0.383694216
9as grown,2,5.4,0,12.5,0,362.5,0,8.64,30,4.25,4.7,-2,265.1605743,0.349241138
9as grown,2,5.4,0,12.5,0,362.5,0,8.64,30,4.25,4.7,-2,272.0089853,0.334961891
9as grown,2,5.4,0,12.5,0,362.5,0,8.64,30,4.25,4.7,-2,278.8413937,0.244190199
9as grown,2,5.4,0,12.5,0,362.5,0,8.64,30,4.25,4.7,-2,285.6834741,0.199650204
9as grown,2,5.4,0,12.5,0,362.5,0,8.64,30,4.25,4.7,-2,292.5313575,0.182849229
9as grown,2,5.4,0,12.5,0,362.5,0,8.64,30,4.25,4.7,-2,299.3781859,0.161004795
9as grown,2,5.4,0,12.5,0,362.5,0,8.64,30,4.25,4.7,-2,306.2257176,0.142522667
9as grown,2,5.4,0,12.5,0,362.5,0,8.64,30,4.25,4.7,-2,313.0741287,0.128243421
9as grown,2,5.4,0,12.5,0,362.5,0,8.64,30,4.25,4.7,-2,319.9227155,0.11480475
9as grown,2,5.4,0,12.5,0,362.5,0,8.64,30,4.25,4.7,-2,326.7716541,0.103047233
9as grown,2,5.4,0,12.5,0,362.5,0,8.64,30,4.25,4.7,-2,333.6221754,0.098854902
9as grown,2,5.4,0,12.5,0,362.5,0,8.64,30,4.25,4.7,-2,340.4728725,0.095503148
9as grown,2,5.4,0,12.5,0,362.5,0,8.64,30,4.25,4.7,-2,347.3214594,0.082064478
9as grown,2,5.4,0,12.5,0,362.5,0,8.64,30,4.25,4.7,-2,354.1730357,0.082915606
9as grown,2,5.4,0,12.5,0,362.5,0,8.64,30,4.25,4.7,-2,361.0230294,0.076201546
9as grown,2,5.4,0,12.5,0,362.5,0,8.64,30,4.25,4.7,-2,367.8742541,0.075371521
9as grown,2,5.4,0,12.5,0,362.5,0,8.64,30,4.25,4.7,-2,374.7238961,0.066976309
9as grown,2,5.4,0,12.5,0,362.5,0,8.64,30,4.25,4.7,-2,381.5754725,0.067827436
9as grown,2,5.4,0,12.5,0,362.5,0,8.64,30,4.25,4.7,-2,388.4270489,0.068678564
9as grown,2,5.4,0,12.5,0,362.5,0,8.64,30,4.25,4.7,-2,395.2784494,0.068689115
9as grown,2,5.4,0,12.5,0,362.5,0,8.64,30,4.25,4.7,-2,402.1302016,0.070380819
9as grown,2,5.4,0,12.5,0,362.5,0,8.64,30,4.25,4.7,-2,408.981778,0.071231946
9as grown,2,5.4,0,12.5,0,362.5,0,8.64,30,4.25,4.7,-2,415.8330027,0.070401921
9as grown,2,5.4,0,12.5,0,362.5,0,8.64,30,4.25,4.7,-2,422.6829964,0.063687862
9as grown,2,5.4,0,12.5,0,362.5,0,8.64,30,4.25,4.7,-2,429.5336935,0.060336108
9as grown,2,5.4,0,12.5,0,362.5,0,8.64,30,4.25,4.7,-2,436.3842147,0.056143777
9as grown,2,5.4,0,12.5,0,362.5,0,8.64,30,4.25,4.7,-2,443.2357911,0.056994905
9as grown,2,5.4,0,12.5,0,362.5,0,8.64,30,4.25,4.7,-2,450.0873675,0.057846032
9as grown,2,5.4,0,12.5,0,362.5,0,8.64,30,4.25,4.7,-2,456.9389438,0.05869716
9as grown,2,5.4,0,12.5,0,362.5,0,8.64,30,4.25,4.7,-2,463.7905202,0.059548287
9as grown,2,5.4,0,12.5,0,362.5,0,8.64,30,4.25,4.7,-2,470.6420966,0.060399415
9as grown,2,5.4,0,12.5,0,362.5,0,8.64,30,4.25,4.7,-2,477.493673,0.061250542
9as grown,2,5.4,0,12.5,0,362.5,0,8.64,30,4.25,4.7,-2,484.3452493,0.06210167
9as grown,2,5.4,0,12.5,0,362.5,0,8.64,30,4.25,4.7,-2,491.1968257,0.062952797
9as grown,2,5.4,0,12.5,0,362.5,0,8.64,30,4.25,4.7,-2,498.0484021,0.063803925
9as grown,2,5.4,0,12.5,0,362.5,0,8.64,30,4.25,4.7,-2,504.8999785,0.064655052
9as grown,2,5.4,0,12.5,0,362.5,0,8.64,30,4.25,4.7,-2,511.7515548,0.06550618
9as grown,2,5.4,0,12.5,0,362.5,0,8.64,30,4.25,4.7,-2,518.6031312,0.066357307
9as grown,2,5.4,0,12.5,0,362.5,0,8.64,30,4.25,4.7,-2,525.4547076,0.067208435
9as grown,2,5.4,0,12.5,0,362.5,0,8.64,30,4.25,4.7,-2,532.306284,0.068059562
9as grown,2,5.4,0,12.5,0,362.5,0,8.64,30,4.25,4.7,-2,539.1578603,0.06891069
9as grown,2,5.4,0,12.5,0,362.5,0,8.64,30,4.25,4.7,-2,546.0094367,0.069761817
9as grown,2,5.4,0,12.5,0,362.5,0,8.64,30,4.25,4.7,-2,552.8610131,0.070612945
9as grown,2,5.4,0,12.5,0,362.5,0,8.64,30,4.25,4.7,-2,559.7125895,0.071464072
9as grown,2,5.4,0,12.5,0,362.5,0,8.64,30,4.25,4.7,-2,566.5641658,0.0723152
9as grown,2,5.4,0,12.5,0,362.5,0,8.64,30,4.25,4.7,-2,573.4157422,0.073166327
9as grown,2,5.4,0,12.5,0,362.5,0,8.64,30,4.25,4.7,-2,580.2673186,0.074017455
9as grown,2,5.4,0,12.5,0,362.5,0,8.64,30,4.25,4.7,-2,587.118895,0.074868582
9as grown,2,5.4,0,12.5,0,362.5,0,8.64,30,4.25,4.7,-2,593.9704713,0.07571971
9as grown,2,5.4,0,12.5,0,362.5,0,8.64,30,4.25,4.7,-2,600.8220477,0.076570837
9as grown,2,5.4,0,12.5,0,362.5,0,8.64,30,4.25,4.7,-2,607.6736241,0.077421965
9as grown,2,5.4,0,12.5,0,362.5,0,8.64,30,4.25,4.7,-2,614.5252005,0.078273092
9as grown,2,5.4,0,12.5,0,362.5,0,8.64,30,4.25,4.7,-2,621.3767768,0.07912422
9as grown,2,5.4,0,12.5,0,362.5,0,8.64,30,4.25,4.7,-2,628.2283532,0.079975347
9as grown,2,5.4,0,12.5,0,362.5,0,8.64,30,4.25,4.7,-2,635.0799296,0.080826475
9as grown,2,5.4,0,12.5,0,362.5,0,8.64,30,4.25,4.7,-2,641.931506,0.081677602
9as grown,2,5.4,0,12.5,0,362.5,0,8.64,30,4.25,4.7,-2,648.7830823,0.08252873
9as grown,2,5.4,0,12.5,0,362.5,0,8.64,30,4.25,4.7,-2,655.6346587,0.083379857
9as grown,2,5.4,0,12.5,0,362.5,0,8.64,30,4.25,4.7,-2,662.4862351,0.084230985
9as grown,2,5.4,0,12.5,0,362.5,0,8.64,30,4.25,4.7,-2,669.3378115,0.085082112
9as grown,2,5.4,0,12.5,0,362.5,0,8.64,30,4.25,4.7,-2,676.1893878,0.08593324
9as grown,2,5.4,0,12.5,0,362.5,0,8.64,30,4.25,4.7,-2,683.0409642,0.086784367
9as grown,2,5.4,0,12.5,0,362.5,0,8.64,30,4.25,4.7,-2,689.8925406,0.087635495
9as grown,2,5.4,0,12.5,0,362.5,0,8.64,30,4.25,4.7,-2,696.4326817,0.088447934
9Annealed,2,5.4,0,12.5,0,362.5,0,12.51,500,4.25,4.7,-2,249.9044656,1.856141274
9Annealed,2,5.4,0,12.5,0,362.5,0,12.51,500,4.25,4.7,-2,255.1617606,1.679437358
9Annealed,2,5.4,0,12.5,0,362.5,0,12.51,500,4.25,4.7,-2,258.8593292,1.490351646
9Annealed,2,5.4,0,12.5,0,362.5,0,12.51,500,4.25,4.7,-2,264.120405,1.33172012
9Annealed,2,5.4,0,12.5,0,362.5,0,12.51,500,4.25,4.7,-2,270.9607268,1.278774363
9Annealed,2,5.4,0,12.5,0,362.5,0,12.51,500,4.25,4.7,-2,276.2068552,1.048693849
9Annealed,2,5.4,0,12.5,0,362.5,0,12.51,500,4.25,4.7,-2,280.2081216,0.822661466
9Annealed,2,5.4,0,12.5,0,362.5,0,12.51,500,4.25,4.7,-2,285.788634,0.702314851
9Annealed,2,5.4,0,12.5,0,362.5,0,12.51,500,4.25,4.7,-2,292.6282524,0.646006788
9Annealed,2,5.4,0,12.5,0,362.5,0,12.51,500,4.25,4.7,-2,299.4608367,0.556075672
9Annealed,2,5.4,0,12.5,0,362.5,0,12.51,500,4.25,4.7,-2,306.2928934,0.463622826
9Annealed,2,5.4,0,12.5,0,362.5,0,12.51,500,4.25,4.7,-2,313.1304016,0.397227847
9Annealed,2,5.4,0,12.5,0,362.5,0,12.51,500,4.25,4.7,-2,319.9768782,0.373702261
9Annealed,2,5.4,0,12.5,0,362.5,0,12.51,500,4.25,4.7,-2,326.8172,0.320756503
9Annealed,2,5.4,0,12.5,0,362.5,0,12.51,500,4.25,4.7,-2,333.6566425,0.263607864
9Annealed,2,5.4,0,12.5,0,362.5,0,12.51,500,4.25,4.7,-2,340.5029433,0.239241701
9Annealed,2,5.4,0,12.5,0,362.5,0,12.51,500,4.25,4.7,-2,347.3520578,0.22832476
9Annealed,2,5.4,0,12.5,0,362.5,0,12.51,500,4.25,4.7,-2,354.2001171,0.212364361
9Annealed,2,5.4,0,12.5,0,362.5,0,12.51,500,4.25,4.7,-2,361.0458903,0.185476469
9Annealed,2,5.4,0,12.5,0,362.5,0,12.51,500,4.25,4.7,-2,367.8934221,0.166994341
9Annealed,2,5.4,0,12.5,0,362.5,0,12.51,500,4.25,4.7,-2,374.7421848,0.154396247
9Annealed,2,5.4,0,12.5,0,362.5,0,12.51,500,4.25,4.7,-2,381.5909475,0.141798154
9Annealed,2,5.4,0,12.5,0,362.5,0,12.51,500,4.25,4.7,-2,388.4416446,0.138446399
9Annealed,2,5.4,0,12.5,0,362.5,0,12.51,500,4.25,4.7,-2,395.2933969,0.140138103
9Annealed,2,5.4,0,12.5,0,362.5,0,12.51,500,4.25,4.7,-2,402.145325,0.142670383
9Annealed,2,5.4,0,12.5,0,362.5,0,12.51,500,4.25,4.7,-2,408.9933843,0.126709984
9Annealed,2,5.4,0,12.5,0,362.5,0,12.51,500,4.25,4.7,-2,415.8430263,0.118314772
9Annealed,2,5.4,0,12.5,0,362.5,0,12.51,500,4.25,4.7,-2,422.6926683,0.10991956
9Annealed,2,5.4,0,12.5,0,362.5,0,12.51,500,4.25,4.7,-2,429.5437171,0.108248958
9Annealed,2,5.4,0,12.5,0,362.5,0,12.51,500,4.25,4.7,-2,436.3938866,0.102375475
9Annealed,2,5.4,0,12.5,0,362.5,0,12.51,500,4.25,4.7,-2,443.245463,0.103226603
9Annealed,2,5.4,0,12.5,0,362.5,0,12.51,500,4.25,4.7,-2,450.0970394,0.10407773
9Annealed,2,5.4,0,12.5,0,362.5,0,12.51,500,4.25,4.7,-2,456.9486158,0.104928858
9Annealed,2,5.4,0,12.5,0,362.5,0,12.51,500,4.25,4.7,-2,463.8001921,0.105779985
9Annealed,2,5.4,0,12.5,0,362.5,0,12.51,500,4.25,4.7,-2,470.6517685,0.106631113
9Annealed,2,5.4,0,12.5,0,362.5,0,12.51,500,4.25,4.7,-2,477.5033449,0.10748224
9Annealed,2,5.4,0,12.5,0,362.5,0,12.51,500,4.25,4.7,-2,484.3549213,0.108333368
9Annealed,2,5.4,0,12.5,0,362.5,0,12.51,500,4.25,4.7,-2,491.2064976,0.109184495
9Annealed,2,5.4,0,12.5,0,362.5,0,12.51,500,4.25,4.7,-2,498.058074,0.110035623
9Annealed,2,5.4,0,12.5,0,362.5,0,12.51,500,4.25,4.7,-2,504.9096504,0.11088675
9Annealed,2,5.4,0,12.5,0,362.5,0,12.51,500,4.25,4.7,-2,511.7612268,0.111737878
9Annealed,2,5.4,0,12.5,0,362.5,0,12.51,500,4.25,4.7,-2,518.6128031,0.112589005
9Annealed,2,5.4,0,12.5,0,362.5,0,12.51,500,4.25,4.7,-2,525.4643795,0.113440133
9Annealed,2,5.4,0,12.5,0,362.5,0,12.51,500,4.25,4.7,-2,532.3159559,0.11429126
9Annealed,2,5.4,0,12.5,0,362.5,0,12.51,500,4.25,4.7,-2,539.1675323,0.115142388
9Annealed,2,5.4,0,12.5,0,362.5,0,12.51,500,4.25,4.7,-2,546.0191086,0.115993515
9Annealed,2,5.4,0,12.5,0,362.5,0,12.51,500,4.25,4.7,-2,552.870685,0.116844643
9Annealed,2,5.4,0,12.5,0,362.5,0,12.51,500,4.25,4.7,-2,559.7222614,0.11769577
9Annealed,2,5.4,0,12.5,0,362.5,0,12.51,500,4.25,4.7,-2,566.5738378,0.118546898
9Annealed,2,5.4,0,12.5,0,362.5,0,12.51,500,4.25,4.7,-2,573.4254141,0.119398025
9Annealed,2,5.4,0,12.5,0,362.5,0,12.51,500,4.25,4.7,-2,580.2769905,0.120249153
9Annealed,2,5.4,0,12.5,0,362.5,0,12.51,500,4.25,4.7,-2,587.1285669,0.12110028
9Annealed,2,5.4,0,12.5,0,362.5,0,12.51,500,4.25,4.7,-2,593.9801432,0.121951408
9Annealed,2,5.4,0,12.5,0,362.5,0,12.51,500,4.25,4.7,-2,600.8317196,0.122802535
9Annealed,2,5.4,0,12.5,0,362.5,0,12.51,500,4.25,4.7,-2,607.683296,0.123653663
9Annealed,2,5.4,0,12.5,0,362.5,0,12.51,500,4.25,4.7,-2,614.5348724,0.12450479
9Annealed,2,5.4,0,12.5,0,362.5,0,12.51,500,4.25,4.7,-2,621.3864487,0.125355918
9Annealed,2,5.4,0,12.5,0,362.5,0,12.51,500,4.25,4.7,-2,628.2380251,0.126207045
9Annealed,2,5.4,0,12.5,0,362.5,0,12.51,500,4.25,4.7,-2,635.0896015,0.127058173
9Annealed,2,5.4,0,12.5,0,362.5,0,12.51,500,4.25,4.7,-2,641.9411779,0.1279093
9Annealed,2,5.4,0,12.5,0,362.5,0,12.51,500,4.25,4.7,-2,648.7927542,0.128760428
9Annealed,2,5.4,0,12.5,0,362.5,0,12.51,500,4.25,4.7,-2,655.6443306,0.129611555
9Annealed,2,5.4,0,12.5,0,362.5,0,12.51,500,4.25,4.7,-2,662.495907,0.130462683
9Annealed,2,5.4,0,12.5,0,362.5,0,12.51,500,4.25,4.7,-2,669.3474834,0.13131381
9Annealed,2,5.4,0,12.5,0,362.5,0,12.51,500,4.25,4.7,-2,676.1990597,0.132164938
9Annealed,2,5.4,0,12.5,0,362.5,0,12.51,500,4.25,4.7,-2,683.0506361,0.133016065
9Annealed,2,5.4,0,12.5,0,362.5,0,12.51,500,4.25,4.7,-2,689.9022125,0.133867193
9Annealed,2,5.4,0,12.5,0,362.5,0,12.51,500,4.25,4.7,-2,696.4423536,0.134679633
12,1.5,3.9,3.9,4.05,25,60.09,231.84,11.18,30,4.25,5.1,0,200,0.000646797
12,1.5,3.9,3.9,4.05,25,60.09,231.84,11.18,30,4.25,5.1,0,206,0.000651977
12,1.5,3.9,3.9,4.05,25,60.09,231.84,11.18,30,4.25,5.1,0,212,0.000671632
12,1.5,3.9,3.9,4.05,25,60.09,231.84,11.18,30,4.25,5.1,0,218,0.000652697
12,1.5,3.9,3.9,4.05,25,60.09,231.84,11.18,30,4.25,5.1,0,224,0.000654352
12,1.5,3.9,3.9,4.05,25,60.09,231.84,11.18,30,4.25,5.1,0,230,0.000643749
12,1.5,3.9,3.9,4.05,25,60.09,231.84,11.18,30,4.25,5.1,0,236,0.000653287
12,1.5,3.9,3.9,4.05,25,60.09,231.84,11.18,30,4.25,5.1,0,242,0.000658515
12,1.5,3.9,3.9,4.05,25,60.09,231.84,11.18,30,4.25,5.1,0,248,0.000632625
12,1.5,3.9,3.9,4.05,25,60.09,231.84,11.18,30,4.25,5.1,0,254,0.000624712
12,1.5,3.9,3.9,4.05,25,60.09,231.84,11.18,30,4.25,5.1,0,260,0.000559283
12,1.5,3.9,3.9,4.05,25,60.09,231.84,11.18,30,4.25,5.1,0,266,0.000561308
12,1.5,3.9,3.9,4.05,25,60.09,231.84,11.18,30,4.25,5.1,0,272,0.000546024
12,1.5,3.9,3.9,4.05,25,60.09,231.84,11.18,30,4.25,5.1,0,278,0.000363261
12,1.5,3.9,3.9,4.05,25,60.09,231.84,11.18,30,4.25,5.1,0,284,0.000288946
12,1.5,3.9,3.9,4.05,25,60.09,231.84,11.18,30,4.25,5.1,0,290,0.000150485
12,1.5,3.9,3.9,4.05,25,60.09,231.84,11.18,30,4.25,5.1,0,296,0.000109316
12,1.5,3.9,3.9,4.05,25,60.09,231.84,11.18,30,4.25,5.1,0,302,8.14E-05
12,1.5,3.9,3.9,4.05,25,60.09,231.84,11.18,30,4.25,5.1,0,308,5.18E-05
12,1.5,3.9,3.9,4.05,25,60.09,231.84,11.18,30,4.25,5.1,0,314,5.11E-05
12,1.5,3.9,3.9,4.05,25,60.09,231.84,11.18,30,4.25,5.1,0,320,4.07E-05
12,1.5,3.9,3.9,4.05,25,60.09,231.84,11.18,30,4.25,5.1,0,326,3.32E-05
12,1.5,3.9,3.9,4.05,25,60.09,231.84,11.18,30,4.25,5.1,0,332,2.85E-05
12,1.5,3.9,3.9,4.05,25,60.09,231.84,11.18,30,4.25,5.1,0,338,2.32E-05
12,1.5,3.9,3.9,4.05,25,60.09,231.84,11.18,30,4.25,5.1,0,344,2.50E-05
12,1.5,3.9,3.9,4.05,25,60.09,231.84,11.18,30,4.25,5.1,0,350,1.85E-05
12,1.5,3.9,3.9,4.05,25,60.09,231.84,11.18,30,4.25,5.1,0,356,1.85E-05
12,1.5,3.9,3.9,4.05,25,60.09,231.84,11.18,30,4.25,5.1,0,362,1.56E-05
12,1.5,3.9,3.9,4.05,25,60.09,231.84,11.18,30,4.25,5.1,0,368,9.96E-06
12,1.5,3.9,3.9,4.05,25,60.09,231.84,11.18,30,4.25,5.1,0,374,1.31E-05
12,1.5,3.9,3.9,4.05,25,60.09,231.84,11.18,30,4.25,5.1,0,380,8.38E-06
12,1.5,3.9,3.9,4.05,25,60.09,231.84,11.18,30,4.25,5.1,0,386,1.45E-05
12,1.5,3.9,3.9,4.05,25,60.09,231.84,11.18,30,4.25,5.1,0,392,1.56E-05
12,1.5,3.9,3.9,4.05,25,60.09,231.84,11.18,30,4.25,5.1,0,398,9.59E-06
12,1.5,3.9,3.9,4.05,25,60.09,231.84,11.18,30,4.25,5.1,0,404,1.19E-05
12,1.5,3.9,3.9,4.05,25,60.09,231.84,11.18,30,4.25,5.1,0,410,8.93E-06
12,1.5,3.9,3.9,4.05,25,60.09,231.84,11.18,30,4.25,5.1,0,416,1.17E-05
12,1.5,3.9,3.9,4.05,25,60.09,231.84,11.18,30,4.25,5.1,0,422,1.21E-05
12,1.5,3.9,3.9,4.05,25,60.09,231.84,11.18,30,4.25,5.1,0,428,7.85E-06
12,1.5,3.9,3.9,4.05,25,60.09,231.84,11.18,30,4.25,5.1,0,434,1.19E-05
12,1.5,3.9,3.9,4.05,25,60.09,231.84,11.18,30,4.25,5.1,0,440,9.61E-06
12,1.5,3.9,3.9,4.05,25,60.09,231.84,11.18,30,4.25,5.1,0,446,1.23E-05
12,1.5,3.9,3.9,4.05,25,60.09,231.84,11.18,30,4.25,5.1,0,452,1.17E-05
12,1.5,3.9,3.9,4.05,25,60.09,231.84,11.18,30,4.25,5.1,0,458,7.46E-06
12,1.5,3.9,3.9,4.05,25,60.09,231.84,11.18,30,4.25,5.1,0,464,1.17E-05
12,1.5,3.9,3.9,4.05,25,60.09,231.84,11.18,30,4.25,5.1,0,470,1.12E-05
12,1.5,3.9,3.9,4.05,25,60.09,231.84,11.18,30,4.25,5.1,0,476,1.08E-05
12,1.5,3.9,3.9,4.05,25,60.09,231.84,11.18,30,4.25,5.1,0,482,1.11E-05
12,1.5,3.9,3.9,4.05,25,60.09,231.84,11.18,30,4.25,5.1,0,488,4.49E-06
12,1.5,3.9,3.9,4.05,25,60.09,231.84,11.18,30,4.25,5.1,0,494,1.08E-05
15,2,3.17,0,45,0,79.87,0,30,20,4.15,4.7,0,352,0.004061926
15,2,3.17,0,45,0,79.87,0,30,20,4.15,4.7,0,360,0.003494643
15,2,3.17,0,45,0,79.87,0,30,20,4.15,4.7,0,368,0.003040426
15,2,3.17,0,45,0,79.87,0,30,20,4.15,4.7,0,376,0.002835551
15,2,3.17,0,45,0,79.87,0,30,20,4.15,4.7,0,384,0.002956915
15,2,3.17,0,45,0,79.87,0,30,20,4.15,4.7,0,392,0.003827318
15,2,3.17,0,45,0,79.87,0,30,20,4.15,4.7,0,400,0.004164167
15,2,3.17,0,45,0,79.87,0,30,20,4.15,4.7,0,408,0.004142787
15,2,3.17,0,45,0,79.87,0,30,20,4.15,4.7,0,416,0.004012412
15,2,3.17,0,45,0,79.87,0,30,20,4.15,4.7,0,424,0.00385262
15,2,3.17,0,45,0,79.87,0,30,20,4.15,4.7,0,432,0.004036512
15,2,3.17,0,45,0,79.87,0,30,20,4.15,4.7,0,440,0.004037049
15,2,3.17,0,45,0,79.87,0,30,20,4.15,4.7,0,448,0.003926138
15,2,3.17,0,45,0,79.87,0,30,20,4.15,4.7,0,456,0.003422966
15,2,3.17,0,45,0,79.87,0,30,20,4.15,4.7,0,464,0.002777429
15,2,3.17,0,45,0,79.87,0,30,20,4.15,4.7,0,472,0.00219838
15,2,3.17,0,45,0,79.87,0,30,20,4.15,4.7,0,480,0.002211559
15,2,3.17,0,45,0,79.87,0,30,20,4.15,4.7,0,488,0.002122834
15,2,3.17,0,45,0,79.87,0,30,20,4.15,4.7,0,496,0.002018431
15,2,3.17,0,45,0,79.87,0,30,20,4.15,4.7,0,504,0.001896133
15,2,3.17,0,45,0,79.87,0,30,20,4.15,4.7,0,512,0.001687942
15,2,3.17,0,45,0,79.87,0,30,20,4.15,4.7,0,520,0.001520192
15,2,3.17,0,45,0,79.87,0,30,20,4.15,4.7,0,528,0.001411086
15,2,3.17,0,45,0,79.87,0,30,20,4.15,4.7,0,536,0.00126544
15,2,3.17,0,45,0,79.87,0,30,20,4.15,4.7,0,544,0.001188521
15,2,3.17,0,45,0,79.87,0,30,20,4.15,4.7,0,552,0.001120097
15,2,3.17,0,45,0,79.87,0,30,20,4.15,4.7,0,560,0.001060828
15,2,3.17,0,45,0,79.87,0,30,20,4.15,4.7,0,568,0.001030138
15,2,3.17,0,45,0,79.87,0,30,20,4.15,4.7,0,576,0.000985388
15,2,3.17,0,45,0,79.87,0,30,20,4.15,4.7,0,584,0.000964324
15,2,3.17,0,45,0,79.87,0,30,20,4.15,4.7,0,592,0.000898123
15,2,3.17,0,45,0,79.87,0,30,20,4.15,4.7,0,600,0.000858873
15,2,3.17,0,45,0,79.87,0,30,20,4.15,4.7,0,608,0.000819913
15,2,3.17,0,45,0,79.87,0,30,20,4.15,4.7,0,616,0.000783254
15,2,3.17,0,45,0,79.87,0,30,20,4.15,4.7,0,624,0.000740542
15,2,3.17,0,45,0,79.87,0,30,20,4.15,4.7,0,632,0.000679686
15,2,3.17,0,45,0,79.87,0,30,20,4.15,4.7,0,640,0.000601443
15,2,3.17,0,45,0,79.87,0,30,20,4.15,4.7,0,648,0.000554243
15,2,3.17,0,45,0,79.87,0,30,20,4.15,4.7,0,656,0.000493112
15,2,3.17,0,45,0,79.87,0,30,20,4.15,4.7,0,664,0.000461022
15,2,3.17,0,45,0,79.87,0,30,20,4.15,4.7,0,672,0.000412253
15,2,3.17,0,45,0,79.87,0,30,20,4.15,4.7,0,680,0.000377883
15,2,3.17,0,45,0,79.87,0,30,20,4.15,4.7,0,688,0.000347886
15,2,3.17,0,45,0,79.87,0,30,20,4.15,4.7,0,696,0.00031247
15,2,3.17,0,45,0,79.87,0,30,20,4.15,4.7,0,704,0.000279842
15,2,3.17,0,45,0,79.87,0,30,20,4.15,4.7,0,712,0.000249051
15,2,3.17,0,45,0,79.87,0,30,20,4.15,4.7,0,720,0.000214728
15,2,3.17,0,45,0,79.87,0,30,20,4.15,4.7,0,728,0.000201874
15,2,3.17,0,45,0,79.87,0,30,20,4.15,4.7,0,736,0.000187575
15,2,3.17,0,45,0,79.87,0,30,20,4.15,4.7,0,744,0.000171972
15,2,3.17,0,45,0,79.87,0,30,20,4.15,4.7,0,752,0.000164046
15,2,3.17,0,45,0,79.87,0,30,20,4.15,4.7,0,760,0.000145918
15,2,3.17,0,45,0,79.87,0,30,20,4.15,4.7,0,768,0.00012872
15,2,3.17,0,45,0,79.87,0,30,20,4.15,4.7,0,776,0.000108687
15,2,3.17,0,45,0,79.87,0,30,20,4.15,4.7,0,784,8.97E-05
15,2,3.17,0,45,0,79.87,0,30,20,4.15,4.7,0,792,5.99E-05
15,2,3.17,0,45,0,79.87,0,30,20,4.15,4.7,0,800,0.00013441
21R asdeposited,1,5.4,0,12,0,362.5,0,18.8,30,4.25,4.7,-3,250,0.302018012
21R asdeposited,1,5.4,0,12,0,362.5,0,18.8,30,4.25,4.7,-3,260,0.245408977
21R asdeposited,1,5.4,0,12,0,362.5,0,18.8,30,4.25,4.7,-3,270,0.245409118
21R asdeposited,1,5.4,0,12,0,362.5,0,18.8,30,4.25,4.7,-3,280,0.194991891
21R asdeposited,1,5.4,0,12,0,362.5,0,18.8,30,4.25,4.7,-3,290,0.132190101
21R asdeposited,1,5.4,0,12,0,362.5,0,18.8,30,4.25,4.7,-3,300,0.132190101
21R asdeposited,1,5.4,0,12,0,362.5,0,18.8,30,4.25,4.7,-3,310,0.132190101
21R asdeposited,1,5.4,0,12,0,362.5,0,18.8,30,4.25,4.7,-3,320,0.132190101
21R asdeposited,1,5.4,0,12,0,362.5,0,18.8,30,4.25,4.7,-3,330,0.132190101
21R asdeposited,1,5.4,0,12,0,362.5,0,18.8,30,4.25,4.7,-3,340,0.132190101
21R asdeposited,1,5.4,0,12,0,362.5,0,18.8,30,4.25,4.7,-3,350,0.132190101
21R asdeposited,1,5.4,0,12,0,362.5,0,18.8,30,4.25,4.7,-3,360,0.13219008
21R asdeposited,1,5.4,0,12,0,362.5,0,18.8,30,4.25,4.7,-3,370,0.073942105
21R asdeposited,1,5.4,0,12,0,362.5,0,18.8,30,4.25,4.7,-3,380,0.01897109
21R asdeposited,1,5.4,0,12,0,362.5,0,18.8,30,4.25,4.7,-3,390,-0.036962156
21R asdeposited,1,5.4,0,12,0,362.5,0,18.8,30,4.25,4.7,-3,400,-0.09424792
21R asdeposited,1,5.4,0,12,0,362.5,0,18.8,30,4.25,4.7,-3,410,-0.094247913
21R asdeposited,1,5.4,0,12,0,362.5,0,18.8,30,4.25,4.7,-3,420,-0.15088293
21R asdeposited,1,5.4,0,12,0,362.5,0,18.8,30,4.25,4.7,-3,430,-0.150857424
21R asdeposited,1,5.4,0,12,0,362.5,0,18.8,30,4.25,4.7,-3,440,-0.150857424
21R asdeposited,1,5.4,0,12,0,362.5,0,18.8,30,4.25,4.7,-3,450,-0.150857424
21R asdeposited,1,5.4,0,12,0,362.5,0,18.8,30,4.25,4.7,-3,460,-0.150857424
21R asdeposited,1,5.4,0,12,0,362.5,0,18.8,30,4.25,4.7,-3,470,-0.150857424
21R asdeposited,1,5.4,0,12,0,362.5,0,18.8,30,4.25,4.7,-3,480,-0.150857424
21R asdeposited,1,5.4,0,12,0,362.5,0,18.8,30,4.25,4.7,-3,490,-0.150824813
21R asdeposited,1,5.4,0,12,0,362.5,0,18.8,30,4.25,4.7,-3,500,-0.152297451
21R asdeposited,1,5.4,0,12,0,362.5,0,18.8,30,4.25,4.7,-3,510,-0.154535792
21R asdeposited,1,5.4,0,12,0,362.5,0,18.8,30,4.25,4.7,-3,520,-0.156906568
21R asdeposited,1,5.4,0,12,0,362.5,0,18.8,30,4.25,4.7,-3,530,-0.159298072
21R asdeposited,1,5.4,0,12,0,362.5,0,18.8,30,4.25,4.7,-3,540,-0.161598592
21R asdeposited,1,5.4,0,12,0,362.5,0,18.8,30,4.25,4.7,-3,550,-0.16369642
21R asdeposited,1,5.4,0,12,0,362.5,0,18.8,30,4.25,4.7,-3,560,-0.165479847
21R asdeposited,1,5.4,0,12,0,362.5,0,18.8,30,4.25,4.7,-3,570,-0.166837162
21R asdeposited,1,5.4,0,12,0,362.5,0,18.8,30,4.25,4.7,-3,580,-0.167656656
21R asdeposited,1,5.4,0,12,0,362.5,0,18.8,30,4.25,4.7,-3,590,-0.167826619
21R asdeposited,1,5.4,0,12,0,362.5,0,18.8,30,4.25,4.7,-3,600,-0.167235343
21R asdeposited,1,5.4,0,12,0,362.5,0,18.8,30,4.25,4.7,-3,610,-0.165771117
21R asdeposited,1,5.4,0,12,0,362.5,0,18.8,30,4.25,4.7,-3,620,-0.163322233
21R asdeposited,1,5.4,0,12,0,362.5,0,18.8,30,4.25,4.7,-3,630,-0.15977698
21R asdeposited,1,5.4,0,12,0,362.5,0,18.8,30,4.25,4.7,-3,640,-0.155023649
21R asdeposited,1,5.4,0,12,0,362.5,0,18.8,30,4.25,4.7,-3,650,-0.148950531
21R asdeposited,1,5.4,0,12,0,362.5,0,18.8,30,4.25,4.7,-3,660,-0.141445916
21R asdeposited,1,5.4,0,12,0,362.5,0,18.8,30,4.25,4.7,-3,670,-0.132398095
21R asdeposited,1,5.4,0,12,0,362.5,0,18.8,30,4.25,4.7,-3,680,-0.121695358
21R asdeposited,1,5.4,0,12,0,362.5,0,18.8,30,4.25,4.7,-3,690,-0.109225995
21R asdeposited,1,5.4,0,12,0,362.5,0,18.8,30,4.25,4.7,-3,700,-0.094878298
21R asdeposited,1,5.4,0,12,0,362.5,0,18.8,30,4.25,4.7,-3,450,0.11321901
21R asdeposited,1,5.4,0,12,0,362.5,0,18.8,30,4.25,4.7,-3,455,0.11321901
21R asdeposited,1,5.4,0,12,0,362.5,0,18.8,30,4.25,4.7,-3,460,0.11321901
21R asdeposited,1,5.4,0,12,0,362.5,0,18.8,30,4.25,4.7,-3,465,0.11321901
21R asdeposited,1,5.4,0,12,0,362.5,0,18.8,30,4.25,4.7,-3,470,0.11321901
21R asdeposited,1,5.4,0,12,0,362.5,0,18.8,30,4.25,4.7,-3,475,0.11321901
21R asdeposited,1,5.4,0,12,0,362.5,0,18.8,30,4.25,4.7,-3,480,0.11321901
21R asdeposited,1,5.4,0,12,0,362.5,0,18.8,30,4.25,4.7,-3,485,0.11321901
21R asdeposited,1,5.4,0,12,0,362.5,0,18.8,30,4.25,4.7,-3,490,0.11321901
21R asdeposited,1,5.4,0,12,0,362.5,0,18.8,30,4.25,4.7,-3,495,0.11321901
21R asdeposited,1,5.4,0,12,0,362.5,0,18.8,30,4.25,4.7,-3,500,0.11321901
21R asdeposited,1,5.4,0,12,0,362.5,0,18.8,30,4.25,4.7,-3,505,0.11321901
21R asdeposited,1,5.4,0,12,0,362.5,0,18.8,30,4.25,4.7,-3,510,0.11321901
21R asdeposited,1,5.4,0,12,0,362.5,0,18.8,30,4.25,4.7,-3,515,0.11321901
21R asdeposited,1,5.4,0,12,0,362.5,0,18.8,30,4.25,4.7,-3,520,0.11321901
21R asdeposited,1,5.4,0,12,0,362.5,0,18.8,30,4.25,4.7,-3,525,0.113219007
21R asdeposited,1,5.4,0,12,0,362.5,0,18.8,30,4.25,4.7,-3,530,0.11317518
21R asdeposited,1,5.4,0,12,0,362.5,0,18.8,30,4.25,4.7,-3,535,0.0564963
21R asdeposited,1,5.4,0,12,0,362.5,0,18.8,30,4.25,4.7,-3,540,0.056609495
21R asdeposited,1,5.4,0,12,0,362.5,0,18.8,30,4.25,4.7,-3,545,0.056609505
21R asdeposited,1,5.4,0,12,0,362.5,0,18.8,30,4.25,4.7,-3,550,0.056609505
21R asdeposited,1,5.4,0,12,0,362.5,0,18.8,30,4.25,4.7,-3,555,0.056609505
21R asdeposited,1,5.4,0,12,0,362.5,0,18.8,30,4.25,4.7,-3,560,0.056609505
21R asdeposited,1,5.4,0,12,0,362.5,0,18.8,30,4.25,4.7,-3,565,0.056609505
21R asdeposited,1,5.4,0,12,0,362.5,0,18.8,30,4.25,4.7,-3,570,0.056609505
21R asdeposited,1,5.4,0,12,0,362.5,0,18.8,30,4.25,4.7,-3,575,0.056609505
21R asdeposited,1,5.4,0,12,0,362.5,0,18.8,30,4.25,4.7,-3,580,0.056609505
21R asdeposited,1,5.4,0,12,0,362.5,0,18.8,30,4.25,4.7,-3,585,0.056609505
21R asdeposited,1,5.4,0,12,0,362.5,0,18.8,30,4.25,4.7,-3,590,0.056609505
21R asdeposited,1,5.4,0,12,0,362.5,0,18.8,30,4.25,4.7,-3,595,0.056609505
21R asdeposited,1,5.4,0,12,0,362.5,0,18.8,30,4.25,4.7,-3,600,0.056609505
21R asdeposited,1,5.4,0,12,0,362.5,0,18.8,30,4.25,4.7,-3,605,0.056609505
21R asdeposited,1,5.4,0,12,0,362.5,0,18.8,30,4.25,4.7,-3,610,0.056609505
21R asdeposited,1,5.4,0,12,0,362.5,0,18.8,30,4.25,4.7,-3,615,0.056609505
21R asdeposited,1,5.4,0,12,0,362.5,0,18.8,30,4.25,4.7,-3,620,0.056609505
21R asdeposited,1,5.4,0,12,0,362.5,0,18.8,30,4.25,4.7,-3,625,0.056609505
21R asdeposited,1,5.4,0,12,0,362.5,0,18.8,30,4.25,4.7,-3,630,0.056609505
21R asdeposited,1,5.4,0,12,0,362.5,0,18.8,30,4.25,4.7,-3,635,0.056609505
21R asdeposited,1,5.4,0,12,0,362.5,0,18.8,30,4.25,4.7,-3,640,0.056609505
21R asdeposited,1,5.4,0,12,0,362.5,0,18.8,30,4.25,4.7,-3,645,0.056609505
21R asdeposited,1,5.4,0,12,0,362.5,0,18.8,30,4.25,4.7,-3,650,0.056609505
21R asdeposited,1,5.4,0,12,0,362.5,0,18.8,30,4.25,4.7,-3,655,0.056609505
21R asdeposited,1,5.4,0,12,0,362.5,0,18.8,30,4.25,4.7,-3,660,0.056609505
21R asdeposited,1,5.4,0,12,0,362.5,0,18.8,30,4.25,4.7,-3,665,0.056609505
21R asdeposited,1,5.4,0,12,0,362.5,0,18.8,30,4.25,4.7,-3,670,0.056609505
21R asdeposited,1,5.4,0,12,0,362.5,0,18.8,30,4.25,4.7,-3,675,0.056609505
21R asdeposited,1,5.4,0,12,0,362.5,0,18.8,30,4.25,4.7,-3,680,0.056609505
21R asdeposited,1,5.4,0,12,0,362.5,0,18.8,30,4.25,4.7,-3,685,0.056609505
21R asdeposited,1,5.4,0,12,0,362.5,0,18.8,30,4.25,4.7,-3,690,0.056609505
21R asdeposited,1,5.4,0,12,0,362.5,0,18.8,30,4.25,4.7,-3,695,0.056609505
21 Annealed,1,5.4,0,12,0,362.5,0,21.85,500,4.25,4.7,-3,250,10.44911621
21 Annealed,1,5.4,0,12,0,362.5,0,21.85,500,4.25,4.7,-3,255,10.04641399
21 Annealed,1,5.4,0,12,0,362.5,0,21.85,500,4.25,4.7,-3,260,8.799635651
21Annealed,1,5.4,0,12,0,362.5,0,21.85,500,4.25,4.7,-3,265,8.225622396
21 Annealed,1,5.4,0,12,0,362.5,0,21.85,500,4.25,4.7,-3,270,8.229618184
21 Annealed,1,5.4,0,12,0,362.5,0,21.85,500,4.25,4.7,-3,275,7.053723605
21 Annealed,1,5.4,0,12,0,362.5,0,21.85,500,4.25,4.7,-3,280,4.775848561
21 Annealed,1,5.4,0,12,0,362.5,0,21.85,500,4.25,4.7,-3,285,3.696296192
21Annealed,1,5.4,0,12,0,362.5,0,21.85,500,4.25,4.7,-3,290,3.5277062
21 Annealed,1,5.4,0,12,0,362.5,0,21.85,500,4.25,4.7,-3,295,3.305485504
21 Annealed,1,5.4,0,12,0,362.5,0,21.85,500,4.25,4.7,-3,300,2.972926516
21 Annealed,1,5.4,0,12,0,362.5,0,21.85,500,4.25,4.7,-3,305,2.512746449
21 Annealed,1,5.4,0,12,0,362.5,0,21.85,500,4.25,4.7,-3,310,1.93137598
21Annealed,1,5.4,0,12,0,362.5,0,21.85,500,4.25,4.7,-3,315,1.785214042
21 Annealed,1,5.4,0,12,0,362.5,0,21.85,500,4.25,4.7,-3,320,2.054603963
21 Annealed,1,5.4,0,12,0,362.5,0,21.85,500,4.25,4.7,-3,325,1.846823291
21 Annealed,1,5.4,0,12,0,362.5,0,21.85,500,4.25,4.7,-3,330,1.47355948
21 Annealed,1,5.4,0,12,0,362.5,0,21.85,500,4.25,4.7,-3,335,1.210375498
21Annealed,1,5.4,0,12,0,362.5,0,21.85,500,4.25,4.7,-3,340,1.144544629
21 Annealed,1,5.4,0,12,0,362.5,0,21.85,500,4.25,4.7,-3,345,1.094554655
21 Annealed,1,5.4,0,12,0,362.5,0,21.85,500,4.25,4.7,-3,350,1.039688439
21 Annealed,1,5.4,0,12,0,362.5,0,21.85,500,4.25,4.7,-3,355,0.979711142
21 Annealed,1,5.4,0,12,0,362.5,0,21.85,500,4.25,4.7,-3,360,0.913125934
21Annealed,1,5.4,0,12,0,362.5,0,21.85,500,4.25,4.7,-3,365,0.811638485
21 Annealed,1,5.4,0,12,0,362.5,0,21.85,500,4.25,4.7,-3,370,0.693529116
21 Annealed,1,5.4,0,12,0,362.5,0,21.85,500,4.25,4.7,-3,375,0.641648263
21 Annealed,1,5.4,0,12,0,362.5,0,21.85,500,4.25,4.7,-3,380,0.641676817
21 Annealed,1,5.4,0,12,0,362.5,0,21.85,500,4.25,4.7,-3,385,0.580254048
21Annealed,1,5.4,0,12,0,362.5,0,21.85,500,4.25,4.7,-3,390,0.528429799
21 Annealed,1,5.4,0,12,0,362.5,0,21.85,500,4.25,4.7,-3,395,0.528456637
21 Annealed,1,5.4,0,12,0,362.5,0,21.85,500,4.25,4.7,-3,400,0.528456636
21 Annealed,1,5.4,0,12,0,362.5,0,21.85,500,4.25,4.7,-3,405,0.528456635
21 Annealed,1,5.4,0,12,0,362.5,0,21.85,500,4.25,4.7,-3,410,0.528475014
21Annealed,1,5.4,0,12,0,362.5,0,21.85,500,4.25,4.7,-3,415,0.477370231
21 Annealed,1,5.4,0,12,0,362.5,0,21.85,500,4.25,4.7,-3,420,0.405717956
21 Annealed,1,5.4,0,12,0,362.5,0,21.85,500,4.25,4.7,-3,425,0.358627553
21 Annealed,1,5.4,0,12,0,362.5,0,21.85,500,4.25,4.7,-3,430,0.358093949
21 Annealed,1,5.4,0,12,0,362.5,0,21.85,500,4.25,4.7,-3,435,0.358745787
21Annealed,1,5.4,0,12,0,362.5,0,21.85,500,4.25,4.7,-3,440,0.357579119
21 Annealed,1,5.4,0,12,0,362.5,0,21.85,500,4.25,4.7,-3,445,0.302026259
21 Annealed,1,5.4,0,12,0,362.5,0,21.85,500,4.25,4.7,-3,450,0.302018616
21 Annealed,1,5.4,0,12,0,362.5,0,21.85,500,4.25,4.7,-3,455,0.302018616
21 Annealed,1,5.4,0,12,0,362.5,0,21.85,500,4.25,4.7,-3,460,0.302018616
21Annealed,1,5.4,0,12,0,362.5,0,21.85,500,4.25,4.7,-3,465,0.302018616
21 Annealed,1,5.4,0,12,0,362.5,0,21.85,500,4.25,4.7,-3,470,0.302018616
21 Annealed,1,5.4,0,12,0,362.5,0,21.85,500,4.25,4.7,-3,475,0.302018616
21 Annealed,1,5.4,0,12,0,362.5,0,21.85,500,4.25,4.7,-3,480,0.302018616
21 Annealed,1,5.4,0,12,0,362.5,0,21.85,500,4.25,4.7,-3,485,0.302018616
21Annealed,1,5.4,0,12,0,362.5,0,21.85,500,4.25,4.7,-3,490,0.302018315
21 Annealed,1,5.4,0,12,0,362.5,0,21.85,500,4.25,4.7,-3,495,0.298330021
21 Annealed,1,5.4,0,12,0,362.5,0,21.85,500,4.25,4.7,-3,500,0.415231874
21 Annealed,1,5.4,0,12,0,362.5,0,21.85,500,4.25,4.7,-3,505,0.415237626
21 Annealed,1,5.4,0,12,0,362.5,0,21.85,500,4.25,4.7,-3,510,0.415237626
21Annealed,1,5.4,0,12,0,362.5,0,21.85,500,4.25,4.7,-3,515,0.415237626
21 Annealed,1,5.4,0,12,0,362.5,0,21.85,500,4.25,4.7,-3,520,0.415229988
21 Annealed,1,5.4,0,12,0,362.5,0,21.85,500,4.25,4.7,-3,525,0.35967399
21 Annealed,1,5.4,0,12,0,362.5,0,21.85,500,4.25,4.7,-3,530,0.35862758
21 Annealed,1,5.4,0,12,0,362.5,0,21.85,500,4.25,4.7,-3,535,0.332419713
21Annealed,1,5.4,0,12,0,362.5,0,21.85,500,4.25,4.7,-3,540,0.302018985
21 Annealed,1,5.4,0,12,0,362.5,0,21.85,500,4.25,4.7,-3,545,0.302018616
21 Annealed,1,5.4,0,12,0,362.5,0,21.85,500,4.25,4.7,-3,550,0.302018616
21 Annealed,1,5.4,0,12,0,362.5,0,21.85,500,4.25,4.7,-3,555,0.302018616
21 Annealed,1,5.4,0,12,0,362.5,0,21.85,500,4.25,4.7,-3,560,0.302018616
21Annealed,1,5.4,0,12,0,362.5,0,21.85,500,4.25,4.7,-3,565,0.302018616
21 Annealed,1,5.4,0,12,0,362.5,0,21.85,500,4.25,4.7,-3,570,0.302018616
21 Annealed,1,5.4,0,12,0,362.5,0,21.85,500,4.25,4.7,-3,575,0.302018616
21 Annealed,1,5.4,0,12,0,362.5,0,21.85,500,4.25,4.7,-3,580,0.302018616
21 Annealed,1,5.4,0,12,0,362.5,0,21.85,500,4.25,4.7,-3,585,0.302018616
21Annealed,1,5.4,0,12,0,362.5,0,21.85,500,4.25,4.7,-3,590,0.302018616
21 Annealed,1,5.4,0,12,0,362.5,0,21.85,500,4.25,4.7,-3,595,0.302018616
21 Annealed,1,5.4,0,12,0,362.5,0,21.85,500,4.25,4.7,-3,600,0.302018616
21 Annealed,1,5.4,0,12,0,362.5,0,21.85,500,4.25,4.7,-3,605,0.302018616
21 Annealed,1,5.4,0,12,0,362.5,0,21.85,500,4.25,4.7,-3,610,0.302018616
21Annealed,1,5.4,0,12,0,362.5,0,21.85,500,4.25,4.7,-3,615,0.302018616
21 Annealed,1,5.4,0,12,0,362.5,0,21.85,500,4.25,4.7,-3,620,0.302018616
21 Annealed,1,5.4,0,12,0,362.5,0,21.85,500,4.25,4.7,-3,625,0.302018616
21 Annealed,1,5.4,0,12,0,362.5,0,21.85,500,4.25,4.7,-3,630,0.302018616
21 Annealed,1,5.4,0,12,0,362.5,0,21.85,500,4.25,4.7,-3,635,0.302018616
21Annealed,1,5.4,0,12,0,362.5,0,21.85,500,4.25,4.7,-3,640,0.302018616
21 Annealed,1,5.4,0,12,0,362.5,0,21.85,500,4.25,4.7,-3,645,0.302018616
21 Annealed,1,5.4,0,12,0,362.5,0,21.85,500,4.25,4.7,-3,650,0.302018616
21 Annealed,1,5.4,0,12,0,362.5,0,21.85,500,4.25,4.7,-3,655,0.302018616
21 Annealed,1,5.4,0,12,0,362.5,0,21.85,500,4.25,4.7,-3,660,0.302018616
21Annealed,1,5.4,0,12,0,362.5,0,21.85,500,4.25,4.7,-3,665,0.302018616
21 Annealed,1,5.4,0,12,0,362.5,0,21.85,500,4.25,4.7,-3,670,0.302018616
21 Annealed,1,5.4,0,12,0,362.5,0,21.85,500,4.25,4.7,-3,675,0.302018616
21 Annealed,1,5.4,0,12,0,362.5,0,21.85,500,4.25,4.7,-3,680,0.302018616
21 Annealed,1,5.4,0,12,0,362.5,0,21.85,500,4.25,4.7,-3,685,0.302018616
21Annealed,1,5.4,0,12,0,362.5,0,21.85,500,4.25,4.7,-3,690,0.302018616
21 Annealed,1,5.4,0,12,0,362.5,0,21.85,500,4.25,4.7,-3,695,0.302018616
